Kata,Frekuensi
iran,1633
amerika,743
as,666
negara,557
israel,389
ya,361
kapal,361
trump,357
perang,307
dunia,291
selat,276
orang,206
hormuz,190
rudal,152
sih,146
donal,144
bebek,142
allah,138
minyak,131
langsung,124
indonesia,117
blokade,114
bravo,111
berani,103
gila,95
penjajah,93
nuklir,92
senjata,92
semoga,91
biar,88
china,88
donald,88
lawan,86
rakyat,84
zionis,83
takut,82
hancur,81
trum,78
konoha,78
percaya,77
masuk,76
hormus,74
cina,72
usir,71
presiden,70
kalah,69
laut,68
wilayah,68
melawan,67
menang,66
berita,66
teroris,64
tram,64
buka,64
hancurkan,63
tembak,61
licik,61
malu,60
bangsa,59
tau,59
kayak,59
rusia,58
kasih,58
manusia,56
menyerang,55
islam,52
iblis,52
damai,52
mantap,50
mati,49
media,48
dasar,47
bikin,47
setan,46
pakai,46
amin,45
hoax,45
hak,44
pemimpin,44
tutup,43
serang,43
timur,43
irgc,42
rezim,42
bumi,41
gencatan,41
us,40
tunduk,39
ekonomi,39
akbar,38
bom,38
allahuakbar,37
omon,37
kali,36
sok,36
serikat,36
coba,36
perusak,36
ayo,35
musuh,34
kau,34
warga,34
pasukan,34
muka,34
hidup,34
lihat,34
penjahat,33
pbb,33
harga,33
kekuatan,33
habis,33
peringatan,33
cari,33
allahu,32
mulut,32
bodoh,32
hati,32
militer,31
tentara,31
banget,31
doang,31
internasional,31
suka,31
dipercaya,31
milik,30
hebat,30
mengapai,30
kuat,30
ancaman,28
america,28
muslim,28
mendukung,28
membuka,28
perampok,27
tipu,27
cepat,27
aman,27
swt,27
dibuka,27
biadab,26
nih,26
palestina,26
negosiasi,26
main,26
mamarika,26
menyerah,26
tv,26
pengecut,25
tuh,25
bilang,25
anak,24
mengatur,24
super,24
mu,24
n,24
memblokade,24
bohong,24
kedaulatan,23
sombong,23
negaranya,23
bantu,23
maju,23
diam,23
odgj,23
lanjutkan,23
tuhan,23
alasan,23
menguasai,23
prabowo,22
pikun,22
kemenangan,22
strategi,22
netanyahu,22
negeri,22
power,22
diusir,22
rakyatnya,21
yahudi,21
udara,21
kasihan,21
dajjal,21
sekutu,21
otak,21
janji,21
mata,21
preman,21
persia,20
sikat,20
arab,20
jalan,20
stres,20
trumpet,20
cuman,20
umat,20
serangan,20
tramp,20
syiah,20
kafir,19
amirika,19
kejahatan,19
kirim,19
serakah,19
menutup,19
lemah,19
penuh,19
ancam,19
mengusir,19
induk,19
hajar,19
israil,18
tanah,18
susah,18
the,18
tenggelamkan,18
rumah,18
bunuh,18
merampok,18
bacot,18
lebanon,18
venezuela,18
is,18
vs,18
oten,18
dirudal,18
ingkar,18
pembohong,17
membela,17
tua,17
kocak,17
darat,17
kena,17
anjing,16
perundingan,16
waras,16
sekutunya,16
gempur,16
ratakan,16
sakit,16
global,16
mengancam,16
bersatu,16
mundur,16
aneh,16
jahat,16
membunuh,16
ngancam,16
total,16
menembak,16
pikir,16
hasil,16
lucu,16
urusan,16
omong,16
selesai,16
munafik,16
hukum,16
daya,15
hanguskan,15
tenggelam,15
isriwil,15
adidaya,15
kuasa,15
bangkrut,15
libanon,15
irak,15
blokir,15
dukung,15
nato,15
teluk,15
bbm,15
apapun,15
mengomong,15
bicara,15
lu,15
lo,15
pengamat,15
kompas,15
akibat,14
mampus,14
melanggar,14
keroyok,14
agama,14
jiwa,14
tinggal,14
biarkan,14
allohuakbar,14
menjajah,14
menghancurkan,14
pengin,14
semangat,14
musnahkan,14
keras,14
angkatan,14
al,14
salah,14
lakukan,14
amrik,14
akal,14
turun,14
jalur,14
tukang,14
musnah,14
beli,14
jahanam,13
ditutup,13
busuk,13
namanya,13
setuju,13
mahal,13
perdamaian,13
nyata,13
bertindak,13
nya,13
koar,13
bagus,13
pro,13
uranium,13
sadar,13
pemerintah,13
fakta,13
untung,13
jago,13
mencari,13
nego,13
kemarin,13
kabur,13
mengikuti,12
intinya,12
korut,12
biang,12
ampun,12
wajib,12
sipil,12
kesepakatan,12
mudah,12
india,12
sesuai,12
kekacauan,12
omongan,12
genjatan,12
lenyap,12
kehancuran,12
waspada,12
masyarakat,12
you,12
target,12
pusing,12
metro,12
perairan,12
tuntutan,11
an,11
gertak,11
gaza,11
babi,11
laknatullah,11
habisi,11
a,11
tarif,11
suruh,11
bayar,11
mengaku,11
jual,11
diserang,11
bajingan,11
membawa,11
sedunia,11
tujuan,11
balas,11
berhak,11
parah,11
gara,11
mimpi,11
deh,11
rampok,11
kuasai,11
isrewel,11
silakan,11
drama,11
cerdas,11
keamanan,11
air,10
melindungi,10
pendukung,10
nutup,10
bantuan,10
berjuang,10
dimana,10
tindakan,10
lebur,10
pejabat,10
ulah,10
membantu,10
bangga,10
armada,10
merdeka,10
berhenti,10
dajal,10
kaum,10
keok,10
paham,10
kesombongan,10
kosong,10
taktik,10
korban,10
pilihan,10
pecundang,10
propaganda,10
doa,10
mah,10
sikap,10
politik,10
atur,10
perjanjian,10
setanyahu,10
tewas,10
kecuali,10
maha,10
kendor,10
menghadapi,10
kawasan,10
eh,10
minyaknya,10
ngusir,10
peta,9
kpl,9
merampas,9
terima,9
lenyapkan,9
and,9
kompak,9
jaman,9
love,9
dll,9
kacau,9
memiliki,9
campur,9
no,9
nak,9
trompet,9
kepala,9
best,9
halu,9
wal,9
modar,9
abal,9
enak,9
asu,9
miskin,9
mending,9
semena,9
uang,9
maling,9
beritanya,9
tempur,9
sehat,9
kekalahan,9
kebenaran,9
berdaulat,9
sumber,9
melewati,9
ku,9
rakus,9
kiamat,9
bajak,9
pelabuhan,9
tangan,9
mental,9
entar,9
posisi,8
tahi,8
setres,8
alhamdulillah,8
sampah,8
maunya,8
cocok,8
giliran,8
beda,8
tolol,8
seru,8
krisis,8
tangkap,8
drone,8
hadapi,8
menenggelamkan,8
kapalkapal,8
kepentingan,8
dikit,8
balistik,8
sulit,8
kah,8
video,8
alam,8
jadikan,8
putar,8
sengaja,8
duluan,8
pakistan,8
ikutan,8
sesungguhnya,8
nurut,8
menekan,8
indak,8
dengar,8
memalukan,8
tolong,8
barat,8
gue,8
komentar,8
niat,8
bop,8
keren,8
one,8
bertahan,8
cerita,8
pintar,8
rusak,8
ditembak,8
tentera,7
penipu,7
bersenjata,7
adil,7
otaknya,7
tni,7
bau,7
si,7
sabar,7
insyaallah,7
pertahanan,7
habisan,7
contoh,7
dipimpin,7
president,7
babak,7
tunggu,7
alat,7
memilih,7
ganggu,7
ragu,7
lindungi,7
perjuangan,7
iri,7
bisanya,7
dilawan,7
memangnya,7
butuh,7
hai,7
dihancurkan,7
nama,7
eropa,7
duck,7
pesawat,7
terrorist,7
ran,7
sejarah,7
satunya,7
presidennya,7
ayam,7
kemanusiaan,7
mengaco,7
korea,7
utara,7
go,7
sekelas,7
hu,7
kebanyakan,7
abang,7
mengajak,7
ajar,7
terbuka,7
lupa,7
mengganggu,7
asisrael,7
trik,7
ber,7
gagal,7
mena,7
api,7
teriak,7
nyawa,7
pokoknya,7
kesempatan,7
barang,7
teram,7
menguntungkan,7
mengambil,7
dikuasai,7
narasi,7
ali,7
memaksa,7
memikirkan,7
terbaik,7
gas,7
kagak,7
kayaknya,7
gampang,7
hahaha,7
kecewa,7
langit,7
real,7
bebas,7
engkau,7
film,7
blok,7
berhasil,7
i,7
menghentikan,7
selam,7
boat,7
suara,7
aturan,6
kaki,6
embargo,6
makan,6
pembunuh,6
palestine,6
kelakuan,6
gertakan,6
panik,6
dah,6
sebentar,6
pangkalan,6
memasuki,6
tiada,6
rewel,6
salut,6
cs,6
muhammad,6
pulang,6
menangis,6
nabi,6
hamas,6
pantang,6
speedboat,6
tentram,6
asli,6
menderita,6
kristen,6
diancam,6
tenang,6
putih,6
goblok,6
sungguh,6
syarat,6
kapalnya,6
kapok,6
layak,6
kerja,6
situasi,6
siasat,6
bencana,6
tida,6
ranjau,6
aduh,6
syahid,6
belur,6
kenyataan,6
kakek,6
berubah,6
arogan,6
neraka,6
budak,6
bingung,6
menjaga,6
melenyapkan,6
jet,6
ngawur,6
marah,6
melarang,6
kekayaan,6
wowo,6
polisi,6
turunkan,6
cocot,6
pencuri,6
benarbenar,6
darah,6
jam,6
nasional,6
sang,6
kadrun,6
ribut,6
ngibul,6
berkuasa,6
dibunuh,6
hilang,6
kaleng,6
berharap,6
hormos,6
ajak,6
bohongi,6
berbohong,6
hurmuz,6
akalan,6
penguasa,6
pergi,6
sayang,6
berjalan,6
pelanggaran,6
salam,6
militernya,6
diblokade,6
bosan,6
gunanya,6
keroyokan,6
tanker,6
menonton,6
satupun,6
berunding,6
gedung,6
transit,6
abu,6
telak,6
lindungilah,6
pura,6
penyembah,5
dukungan,5
produksi,5
kelaparan,5
kerok,5
binatang,5
alias,5
menghajar,5
mahu,5
kembangkan,5
gentar,5
tunjukkan,5
latihan,5
diplomasi,5
dibumi,5
terbukti,5
kemana,5
berdaya,5
sifat,5
omongannya,5
keluarkan,5
tentaranya,5
tekan,5
wajar,5
mayoritas,5
penakut,5
menantang,5
pengikut,5
sda,5
yaman,5
pemimpinnya,5
jatuh,5
tarik,5
celah,5
membiarkan,5
malaysia,5
we,5
hormoz,5
palsu,5
curang,5
berusaha,5
berdamai,5
wa,5
ambil,5
pengacau,5
lancar,5
zaman,5
bego,5
izin,5
nk,5
didunia,5
banci,5
merugikan,5
lapangan,5
orangorang,5
tanda,5
donalbebek,5
buktikan,5
trumph,5
om,5
berguna,5
sunni,5
aba,5
makzulkan,5
biaya,5
sial,5
luncurkan,5
suriah,5
idiot,5
ok,5
keuntungan,5
batu,5
titik,5
sepenuhnya,5
takbir,5
out,5
ide,5
pakar,5
cadangan,5
berpikir,5
normal,5
juru,5
nyali,5
bersamamu,5
raja,5
ah,5
listrik,5
pas,5
berbeda,5
berperang,5
antek,5
lengah,5
bocah,5
pernyataan,5
nipu,5
negaranegara,5
repot,5
besok,5
informasi,5
lindungan,5
diperingatkan,5
keturunan,5
kendali,5
lintas,5
bisnis,5
situ,5
bombardir,5
runtuh,5
rugi,5
sibuk,5
peluang,5
program,5
ngeri,5
tahan,5
ngebom,5
stop,5
berhadapan,5
negoisasi,5
pejuang,5
jonis,5
hurmus,5
belajar,5
rebut,5
menunggu,5
reporter,5
tekanan,5
memblokir,5
ciut,5
kerusakan,5
alamin,5
berdiri,5
pikirkan,5
wkwk,5
paksa,5
rame,5
saudi,5
logika,5
lari,5
speed,5
badut,5
heran,5
ajaran,5
adi,5
iya,5
destroyer,5
kanal,5
ussc,5
permanen,4
bersekutu,4
olah,4
doyan,4
assalamualaikum,4
angkat,4
isi,4
pertahankan,4
sambal,4
sinting,4
kentut,4
dukun,4
beraninya,4
sirewel,4
asia,4
pimpinan,4
pajak,4
injak,4
sokan,4
kerjasama,4
sadam,4
elit,4
sia,4
persiden,4
dikasih,4
keadilan,4
buktinya,4
haram,4
menimbulkan,4
apanya,4
kedamaian,4
congor,4
picik,4
pikiran,4
miliknya,4
jajah,4
pilih,4
faktanya,4
terkuat,4
tetangga,4
larang,4
langkah,4
efektif,4
dianggap,4
balasan,4
bla,4
war,4
ngotot,4
dalih,4
warning,4
lumpuh,4
bawa,4
pm,4
sedikitpun,4
bela,4
peralatan,4
benci,4
fitnah,4
menepati,4
pengayaan,4
bohongnya,4
palestin,4
seenak,4
mengembangkan,4
ummat,4
koyo,4
dog,4
big,4
benua,4
menit,4
surga,4
meluas,4
andai,4
kawan,4
buta,4
terangan,4
kabut,4
lucunya,4
modal,4
dibilang,4
pemerasan,4
israhell,4
ai,4
resah,4
sebenar,4
terserah,4
poin,4
seharus,4
ubah,4
penduduk,4
news,4
senang,4
tol,4
mulu,4
irang,4
ta,4
sukses,4
jionis,4
jaga,4
kabel,4
diatur,4
hayo,4
info,4
penyerangan,4
binasa,4
memenuhi,4
obat,4
zionist,4
malunya,4
ulang,4
maksudnya,4
permintaan,4
siaga,4
detik,4
mbak,4
rudalnya,4
efek,4
harapan,4
baiknya,4
kak,4
etika,4
onta,4
mengoceh,4
kaya,4
menolong,4
mendikte,4
anti,4
mikir,4
murka,4
slat,4
psikopat,4
berbahaya,4
solusi,4
good,4
khamenei,4
knapa,4
menangkan,4
awas,4
jebakan,4
prang,4
rencana,4
selagi,4
murah,4
atom,4
jaya,4
terang,4
melintas,4
iranian,4
mainan,4
membuktikan,4
berkhianat,4
tanggung,4
ucapan,4
capek,4
pegang,4
malaka,4
asing,4
pengaruh,4
aset,4
ciri,4
kehilangan,4
tengker,4
permainan,4
navy,4
haha,4
buang,4
gede,4
ribet,4
mengusai,4
menlu,4
laku,4
saudara,4
timteng,4
berlanjut,4
onar,4
bismillah,4
dipaksa,4
manapun,4
sangsi,4
doktrin,4
he,4
lengkap,4
komentator,4
deal,4
ancurkan,4
pembukaan,4
ditentukan,4
pekerjaan,4
duga,4
lebar,4
gangguan,4
perangi,4
tidur,4
mendengar,4
hancurrr,4
kesulitan,4
agresor,4
yes,4
terpaksa,4
seakan,4
nyerah,4
mengomongnya,4
rawe,4
malang,4
presstv,4
berhati,4
kubur,4
kejang,4
kelas,4
loh,4
disuruh,4
gaduh,4
suni,4
lho,4
lsrael,4
gunting,4
sejati,4
daerah,4
peluru,4
kunjung,4
patut,4
uni,4
t,4
dengki,4
rekaman,4
adab,4
melimpah,4
perjalanan,4
ha,4
genosida,3
merasakan,3
mendarat,3
pentagon,3
memusnahkan,3
drom,3
menyala,3
berbuat,3
dimuka,3
kacir,3
kuba,3
mamarica,3
lengser,3
world,3
american,3
bak,3
menjauh,3
kuatan,3
perempuan,3
benaran,3
rkyt,3
bantai,3
dijadikan,3
paus,3
laknat,3
utama,3
mengasih,3
ayolah,3
beres,3
khusus,3
ditenggelamkan,3
ukraina,3
melanjutkan,3
ruang,3
emas,3
membayar,3
republik,3
rabbal,3
nyahu,3
menghianati,3
seribu,3
ut,3
muak,3
iraaaan,3
terkencing,3
plastina,3
abad,3
begal,3
ngurusi,3
husen,3
mabuk,3
pribadi,3
mencegat,3
basmi,3
canggih,3
bersalah,3
memakai,3
tenaga,3
mengenaskan,3
basi,3
tegak,3
terkecoh,3
ketemu,3
segitu,3
kulit,3
diharapkan,3
menambah,3
pasok,3
je,3
kelar,3
bedil,3
dibiarkan,3
bubarkan,3
menutupi,3
terbalik,3
free,3
ente,3
bayak,3
bantulah,3
bensin,3
hitam,3
perangnya,3
mari,3
berdoa,3
belah,3
terpuruk,3
kekejaman,3
kehidupan,3
wkwkwk,3
hizbullah,3
perkara,3
cuba,3
alasannya,3
rosulullah,3
suci,3
mawa,3
ladang,3
wkwkw,3
kompromi,3
janjinya,3
pindah,3
persenjataan,3
top,3
donat,3
tangker,3
mulutnya,3
tumbang,3
ngelantur,3
ijinkan,3
gabung,3
laknatulloh,3
dolar,3
penutupan,3
cek,3
batal,3
byr,3
dron,3
buru,3
macan,3
diluar,3
hancuran,3
dikalahkan,3
percayalah,3
mabok,3
spanyol,3
faham,3
gagah,3
jenderal,3
haus,3
jualan,3
konsekuensi,3
aki,3
kebalik,3
internet,3
gelap,3
kebijakan,3
bang,3
dibohongi,3
habisin,3
bullshit,3
nukril,3
kehendak,3
pantatnya,3
mencret,3
bentar,3
nafsu,3
kanoha,3
ditunggu,3
pahlawan,3
permasalahan,3
tamat,3
berantakan,3
menarik,3
kera,3
sanksi,3
menghibur,3
tandanya,3
serahkan,3
jokowi,3
setannyahu,3
lautan,3
prampok,3
april,3
this,3
duduk,3
maduro,3
kalang,3
membinasakan,3
memberkati,3
hobinya,3
ikan,3
lran,3
ketakutan,3
kembang,3
singkat,3
dendam,3
dibantu,3
semut,3
mengeluarkan,3
plan,3
sahaja,3
firaun,3
solusinya,3
terkutuk,3
uclim,3
bergerak,3
habiskan,3
pendusta,3
ujungnya,3
ujung,3
anggap,3
yesus,3
jarak,3
pe,3
oke,3
nuklirnya,3
jitu,3
infrastruktur,3
kilang,3
gerak,3
buntu,3
gaya,3
terbunuh,3
persiapan,3
plin,3
skala,3
minggu,3
of,3
terhormat,3
keputusan,3
bengis,3
kejahatannya,3
kabar,3
ribuan,3
meninggalkan,3
berhalusinasi,3
shg,3
hatinya,3
patuh,3
prinsip,3
diganggu,3
pesan,3
pengadilan,3
adu,3
sebar,3
kenyataannya,3
duit,3
bolak,3
sipat,3
menilai,3
pelayaran,3
laporan,3
akses,3
jagoan,3
harganya,3
kukira,3
malak,3
pembicaraan,3
amer,3
catat,3
secepatnya,3
mengalihkan,3
serentak,3
peperangan,3
naikkan,3
bijak,3
ahli,3
masyarakatnya,3
omonganya,3
mengakui,3
kade,3
kunci,3
dongo,3
segara,3
lansung,3
gangster,3
mesti,3
menangkap,3
mengurusi,3
hasilnya,3
nguasai,3
sayur,3
pelajaran,3
wilayahnya,3
irankenapa,3
kesalahan,3
penjajahan,3
zeonis,3
hisbullah,3
luluh,3
jangkauan,3
uraniumnya,3
raya,3
perompak,3
kerjanya,3
hangus,3
bola,3
superpower,3
merengek,3
iranamerika,3
arah,3
luas,3
ramai,3
akibatnya,3
drun,3
nuclear,3
pemasukan,3
bhong,3
sah,3
golongan,3
akui,3
terjebak,3
tepatnya,3
konflik,3
dahal,3
pengawal,3
revolusi,3
rute,3
teheran,3
memperingatkan,3
strategis,3
menentukan,3
upaya,3
harap,3
dibantai,3
ketahuan,3
adikuasa,3
stok,3
terganggu,3
bro,3
berilah,3
iq,3
wkwkwkwk,3
kongres,3
mengklaim,3
jurus,3
fokus,3
lambat,3
mantab,3
massal,3
iraq,3
kekuasaan,3
teknologi,3
didepan,3
disana,3
lawanmu,3
monster,3
syarikat,3
alutsista,3
soviet,3
mengorbankan,3
hoaks,3
gulingkan,3
meninggal,3
awak,3
samain,3
mengalami,3
menghujat,3
bukti,3
terorist,3
pasar,3
warganya,3
pembeli,3
perlawanan,3
bisik,3
tkt,3
pujaan,3
ngra,3
berat,3
logikanya,3
menjual,3
hoaxxx,3
jayalah,3
ganti,3
zee,3
pertanyaannya,3
sengsara,3
jepang,3
wajah,3
medan,3
terbesar,3
pisang,3
berdampak,3
muncul,3
energi,3
pemerintahan,3
amrika,3
international,3
amirerka,3
torpedo,3
destini,3
unit,3
odst,3
hentikan,2
bnar,2
daratan,2
berjihad,2
hantar,2
puluh,2
terimakasih,2
kenyang,2
kotoran,2
kocar,2
dimusnahkan,2
kejam,2
will,2
keep,2
disiang,2
lndonesia,2
arogansi,2
awam,2
palistina,2
sejengkal,2
sejata,2
mencampuri,2
menghukum,2
paulus,2
menghormati,2
penjara,2
gaek,2
donaltrump,2
goblog,2
tolonglah,2
seja,2
paya,2
kotor,2
jihad,2
mengecam,2
wibawa,2
naikan,2
menteri,2
menerapkan,2
hormuze,2
hususnya,2
wani,2
shalalloh,2
alla,2
keunggulan,2
strong,2
group,2
tumpas,2
nasrani,2
gosong,2
remuk,2
nyungsep,2
rambo,2
kerakusan,2
pembuatan,2
dilucuti,2
perintah,2
support,2
kebohongan,2
ketidak,2
hancurkn,2
cangih,2
mengacam,2
resiko,2
hey,2
fir,2
mnciptakn,2
larangan,2
mmbuat,2
takkan,2
sepak,2
soksokan,2
subhana,2
wataallaa,2
allahumma,2
bravoiran,2
cumak,2
berambisi,2
dilecehkan,2
hujani,2
hiu,2
kekerasan,2
murni,2
terorisme,2
perampokan,2
jalanan,2
nouklir,2
mnusia,2
hncurkn,2
pertamina,2
ntt,2
meresahkan,2
contohnya,2
seprti,2
menyalahkan,2
porak,2
alasanya,2
keluarganya,2
gomong,2
basa,2
songong,2
punah,2
penguasaan,2
kemauan,2
egonya,2
sejatinya,2
mnang,2
ocehan,2
merah,2
kriminal,2
premanisme,2
langka,2
ngancem,2
terorrist,2
masukan,2
optik,2
putus,2
amereka,2
nyusahkan,2
ceasefire,2
liar,2
block,2
semuga,2
mengacau,2
asasi,2
tameng,2
ign,2
ditolak,2
diikuti,2
bambu,2
alquran,2
berulang,2
makanan,2
seraka,2
koruptor,2
pemberani,2
aplgi,2
irankasih,2
penyebar,2
oh,2
sono,2
ternak,2
diambil,2
chanel,2
editan,2
mpe,2
plonga,2
plongo,2
mengirim,2
dampaknya,2
rasakan,2
perusahaan,2
memanfaatkan,2
garagara,2
agen,2
amerikairan,2
kezaliman,2
kerana,2
arahan,2
strategy,2
irantidak,2
jls,2
from,2
tengok,2
uji,2
mestinya,2
membahayakan,2
dilarang,2
ashadu,2
muhammadur,2
kobarkan,2
muslimin,2
muslimat,2
muminin,2
muminat,2
hasbunallah,2
nikmal,2
maula,2
nikman,2
nasir,2
bersatulah,2
babu,2
melulu,2
korupsi,2
alah,2
senjatanya,2
domestik,2
barusan,2
istana,2
asiran,2
rebutan,2
lanjutken,2
peran,2
membabi,2
abaikan,2
demo,2
moderen,2
asmereka,2
logat,2
anjir,2
papa,2
mulakan,2
masalh,2
maruah,2
batasan,2
kekal,2
matamu,2
menghabisi,2
disikat,2
oarang,2
diwilayah,2
kerna,2
maksa,2
pertemuan,2
persyaratan,2
dipuja,2
leburkan,2
periksa,2
kejiwaannya,2
musyrik,2
jabatannya,2
asdan,2
hahahaha,2
digiring,2
jahannam,2
seburukburuknya,2
lawak,2
prancis,2
urat,2
bahasa,2
nyaho,2
duh,2
tuan,2
tercapai,2
dilenyapkan,2
veravo,2
dana,2
geopolitik,2
tentukan,2
berbisnis,2
kepo,2
menginjak,2
lalang,2
dibawah,2
jaringan,2
diledakkan,2
mediasi,2
kekeh,2
fasilitas,2
goreng,2
nenek,2
moyang,2
jumawa,2
menyuplai,2
lembek,2
penerbangan,2
bos,2
bolong,2
traump,2
panas,2
pesta,2
selamat,2
bersiaplah,2
bismilah,2
alhamdulilah,2
bermusuhan,2
unggul,2
setujui,2
alangkah,2
menyedihkan,2
kpla,2
baling,2
bendera,2
bocil,2
penghabisan,2
tlah,2
bubar,2
channel,2
senin,2
last,2
if,2
dont,2
be,2
pikirin,2
lapar,2
matinya,2
memberitakan,2
kredibilitasnya,2
mulutmu,2
nyahok,2
ayatoillet,2
bersih,2
membutuhkan,2
hormust,2
jagonya,2
endingnya,2
stabil,2
aquaman,2
kapten,2
kadrone,2
dibumihanguskan,2
perekonomian,2
potong,2
diteluk,2
pengiriman,2
pastikan,2
menuruti,2
kamenei,2
kong,2
laluan,2
sombongnya,2
penyebab,2
mempan,2
diajak,2
pangan,2
teruskan,2
oil,2
dollar,2
sebulan,2
stresss,2
quran,2
rusuh,2
lucuti,2
nikmat,2
bye,2
pendapatan,2
ki,2
e,2
dirampok,2
dewe,2
malas,2
kayanya,2
mafia,2
sanggup,2
klaim,2
zolim,2
cerdik,2
ingkari,2
with,2
dimakzulkan,2
tumben,2
mmng,2
laknatullaah,2
mmbumi,2
alibi,2
tempatnya,2
pengusaha,2
mengusik,2
nafas,2
menahan,2
meletuplah,2
ulung,2
anggotanya,2
manut,2
kesusahan,2
model,2
brooo,2
strateginya,2
konsisten,2
ekonominya,2
berjanji,2
menduduki,2
pulau,2
kharg,2
tambahan,2
pembalasan,2
iraniran,2
jembatan,2
pabrik,2
puyeng,2
ketutup,2
bon,2
membombardir,2
betapa,2
berurusan,2
standar,2
ganda,2
kiyamat,2
jongos,2
banyaknya,2
permainkan,2
lihatlah,2
amerikaisrael,2
mengiringi,2
amunisi,2
plinplan,2
soekarno,2
baku,2
terpojok,2
musa,2
sejarahnya,2
berperan,2
karma,2
ditengah,2
manuver,2
menormalisasi,2
teguh,2
menjadikan,2
tengahtengahmu,2
tegar,2
tengkuk,2
trumpil,2
amarika,2
united,2
pandangan,2
rejim,2
sahid,2
ham,2
memerangi,2
dipikir,2
iranmaju,2
keparat,2
dikasi,2
daging,2
hebatnya,2
data,2
spekulasi,2
menyebut,2
mengajukan,2
otoritas,2
tepati,2
jagan,2
dilindungi,2
anggaran,2
drastis,2
mengobrol,2
bawakan,2
kabarnya,2
tokoh,2
kebiasaan,2
arti,2
tujuannya,2
jr,2
munafiq,2
area,2
perhatian,2
telat,2
tungu,2
mingu,2
lagikan,2
pacu,2
pepet,2
metromini,2
invasi,2
hadeh,2
mendekte,2
seumur,2
kebingungan,2
wacana,2
ter,2
mudahan,2
pendapat,2
perbedaan,2
robert,2
memahami,2
mengulur,2
menaklukkan,2
ketat,2
mou,2
segan,2
dihormati,2
bodah,2
memblok,2
memegang,2
respek,2
mamad,2
cium,2
mensukseskan,2
menuklir,2
bergaul,2
polos,2
kedekatan,2
pintu,2
pemblokiran,2
telepon,2
ghufron,2
zonk,2
win,2
sensasi,2
pasung,2
sambel,2
mendingan,2
menyusahkan,2
bangkai,2
gs,2
culas,2
membelah,2
belanda,2
tehnologi,2
berbentuk,2
kuhp,2
publik,2
untungan,2
oon,2
menyerahkan,2
matian,2
hx,2
garang,2
tontonan,2
kerupuk,2
ton,2
membom,2
berlaku,2
rumahnya,2
pantai,2
paru,2
mareka,2
gemas,2
akut,2
dobolan,2
nyentanyaho,2
donalrom,2
ketentuan,2
cangkeme,2
lunak,2
lagunya,2
pea,2
menolak,2
bejad,2
pemilik,2
menjijikkan,2
negarahmu,2
perjuangkan,2
kuatkan,2
iman,2
hancurkanlah,2
tengelamkanlah,2
masarakat,2
membantai,2
sajah,2
pengawasan,2
netral,2
masal,2
pemerintahnya,2
gilanya,2
mengawal,2
bual,2
musuhnya,2
sujud,2
aslinya,2
guoblok,2
ketinggalan,2
pemenang,2
modern,2
hapus,2
disitu,2
intervensi,2
menguras,2
angkut,2
untukmu,2
membeli,2
mempengaruhi,2
sponsor,2
petinggi,2
kedunia,2
tertinggi,2
mengutip,2
memble,2
lobang,2
sembunyi,2
menghantam,2
berkah,2
mainkan,2
non,2
sahabat,2
takutnya,2
piye,2
hibur,2
wkwkwkw,2
matiin,2
pertempuran,2
moto,2
rantas,2
poma,2
hoak,2
korps,2
susahnya,2
sumpah,2
bersyarat,2
diplomatik,2
koordinasi,2
kementerian,2
maritim,2
panglima,2
menyebarkan,2
terkait,2
baca,2
dst,2
ngemis,2
bermental,2
menipu,2
turuti,2
cekek,2
pemuja,2
masya,2
ego,2
odong,2
ahirnya,2
jati,2
bodohi,2
blokadenya,2
balikkan,2
menunduk,2
kepentingannya,2
pontang,2
panting,2
solar,2
deras,2
memenangkannya,2
halusinasi,2
israhellasurika,2
kodok,2
mementingkan,2
bertujuan,2
aya,2
cemen,2
meleset,2
saking,2
membedakan,2
jagox,2
prank,2
tim,2
menumpas,2
eee,2
kutu,2
kemampuan,2
pemikiran,2
condong,2
penjualan,2
taqiyah,2
kondisi,2
irann,2
itukan,2
ajal,2
gegara,2
taktiknya,2
bahan,2
tingkat,2
hadir,2
menyimak,2
asurika,2
singapore,2
lslam,2
amerka,2
rompak,2
kerugian,2
salman,2
alfarisi,2
tergantung,2
kabelnya,2
sewenang,2
wenang,2
kebutuhan,2
lasung,2
digertak,2
dijauhi,2
dibom,2
taii,2
beranii,2
ribu,2
letoy,2
kemunafikan,2
bodohin,2
hi,2
marinir,2
pencet,2
tombol,2
kalain,2
mamarike,2
diperlakukan,2
perdagangan,2
pengintai,2
f,2
isrel,2
memandang,2
koalisi,2
aceh,2
venejuela,2
yra,2
fanboy,2
atou,2
r,2
pokok,2
bermartabat,2
masak,2
mempertahan,2
kampung,2
istri,2
dirumah,2
memng,2
janda,2
lengserkan,2
enaknya,2
tuman,2
bodohhh,2
bilangnya,2
ngapa,2
publiknya,2
bahaya,2
keladi,2
bukanya,2
singa,2
teritorial,2
jeda,2
nuar,2
ketua,2
kebodohan,2
nelayan,2
vietnam,2
donatram,2
bocor,2
keluarga,2
infonesia,2
bodokin,2
olh,2
tok,2
pertimbangan,2
aling,2
ledakin,2
paman,2
kakean,2
dikeroyok,2
muter,2
tembaklah,2
cengeng,2
pusat,2
pancasila,2
abisin,2
taunya,2
fan,2
irancoba,2
mengatasi,2
mendekat,2
sehebat,2
fungsi,2
ngerampok,2
menampak,2
muhamad,2
waala,2
kumpulan,2
kucing,2
afghan,2
dusta,2
bertemu,2
segolongan,2
mengontrol,2
haluan,2
wkwkkw,2
judul,2
solid,2
pret,2
gasss,2
mewek,2
holywood,2
baja,2
halaman,2
ekspor,2
masyaallah,2
tawuran,2
undang,2
tribun,2
chaenal,2
iranlah,2
ijin,2
merudal,2
peringatkan,2
huakbar,2
tampa,2
opo,2
junjungan,2
kapir,2
must,2
dapur,2
sopan,2
jatah,2
tega,2
crazy,2
penyakit,2
buas,2
kekurangan,2
iku,2
sawit,2
kencing,2
kroyokan,2
ambisi,2
wes,2
perilaku,2
zona,2
bersihkan,2
dngn,2
are,2
capable,2
crot,2
kpal,2
lahan,2
serbu,2
hantu,2
bermoral,2
sandra,2
cuap,2
jantan,2
iram,2
oncom,2
ruwet,2
kalinya,2
kla,2
bisah,2
kecongkakan,2
musuhi,2
boom,2
wow,2
probowo,2
sokong,2
setimpal,2
neg,2
comberan,2
keberanian,2
dikroyok,2
rendah,2
sore,2
ngana,2
israwel,2
langsun,2
veto,2
dilaut,2
beruntung,2
mntk,2
bayaran,2
sbenarnya,2
god,2
penonton,2
oada,2
destroy,2
maklum,2
lol,2
yaqin,2
akbarsemoga,2
mmbngun,2
force,2
why,2
hayalan,2
dzolim,2
menghabiskan,2
hulu,2
ledak,2
curi,2
adek,2
siapkan,2
uea,2
ira,2
belit,2
marine,2
pencudang,1
patung,1
terois,1
adlah,1
amanamerika,1
hapuskan,1
duniasoal,1
keos,1
kapalas,1
terlebeh,1
jranjangan,1
pngghuninya,1
prikmanusiaanbangunlah,1
belalah,1
brada,1
dijangan,1
dmi,1
pradaban,1
kmanusiaan,1
trlau,1
mnghayal,1
maudamai,1
isreal,1
lenyaplah,1
degal,1
rokit,1
curangnya,1
terasi,1
pedisdonal,1
seminggu,1
kelabakan,1
civil,1
tembakin,1
pembantu,1
diperbolehkan,1
pembantai,1
sloh,1
bersamanu,1
kepercayaan,1
negaea,1
menyibuk,1
iranajak,1
keja,1
kartel,1
mexico,1
veneswela,1
nembakin,1
iransmg,1
membumi,1
how,1
long,1
quite,1
terrorism,1
berontak,1
berteman,1
lsraelnegara,1
perintahka,1
melangga,1
konstitusi,1
amerrika,1
dikucilkan,1
dihapus,1
duni,1
mberikan,1
perlidungan,1
tenggekamkan,1
zionus,1
puak,1
mwmang,1
bangsatzionis,1
dihancurkn,1
teunm,1
persentai,1
jntan,1
ktimbang,1
lsin,1
baabi,1
yuk,1
bolu,1
kukus,1
nukhlier,1
bedanya,1
ingusan,1
kenyamanan,1
menundukkan,1
wargaa,1
duniiaa,1
nehosuasi,1
ddn,1
bisniissnggak,1
bisniisskevuali,1
sjteeknya,1
kedaatan,1
kelangsungan,1
braninya,1
tembaki,1
srigala,1
duniamereka,1
berwujud,1
donol,1
klituh,1
dharus,1
disamping,1
beragama,1
bertuhan,1
manang,1
salahselat,1
diamiran,1
jajirah,1
srsb,1
takuik,1
jo,1
tuo,1
taruih,1
sanjato,1
ciek,1
angoknyo,1
terancam,1
makzulkantpi,1
meninggi,1
penjaja,1
ditembaki,1
rudalmu,1
menyelesaikan,1
persoalanpersoalan,1
gunanyapbb,1
negaratapi,1
americabagus,1
menyabotase,1
teruslah,1
percepat,1
memasokan,1
memerika,1
dangan,1
garuda,1
shield,1
potensi,1
alut,1
sista,1
pers,1
asengsmbil,1
papua,1
ri,1
menaikan,1
berteriak,1
mendanai,1
pemeras,1
hasbunallohu,1
maal,1
wakkil,1
allaihiwassallam,1
alfatihah,1
insyaa,1
cecurut,1
tikus,1
allamiin,1
hubungi,1
menlucuti,1
hoseinsetelah,1
persenjataannya,1
haya,1
dazal,1
dihabisi,1
bersikeras,1
utuk,1
allhamdulillah,1
ditipu,1
amrikmati,1
penjaga,1
belursok,1
ditutupi,1
profosionalnya,1
mampuslah,1
melantik,1
tempurnya,1
mengharapakan,1
welcome,1
masik,1
lumayan,1
iransegera,1
bangunkan,1
terlambatajar,1
hry,1
nablosdi,1
abbas,1
barua,1
hammas,1
menganggap,1
aunatau,1
aun,1
memange,1
trumps,1
berserakan,1
klopn,1
dlarang,1
mlakukan,1
dbilng,1
kchina,1
skuku,1
matipn,1
nukrir,1
sugesti,1
dobol,1
dilibas,1
zholim,1
terjang,1
looser,1
iraaaaaaaan,1
iraaaaaan,1
keazaiban,1
aammiin,1
iraaaaan,1
dekrit,1
busukhadapi,1
nyasar,1
tarim,1
imigran,1
cucu,1
dgan,1
kependudukan,1
inyah,1
nakut,1
nakuti,1
akarnya,1
yahok,1
umpan,1
arabsetanyahu,1
perangko,1
rusiajg,1
korutwalaupun,1
gigih,1
sekutumu,1
mutakhir,1
ashaluuu,1
beritanyahanya,1
donalt,1
tangga,1
orrang,1
mangnya,1
punyanya,1
ameka,1
menentang,1
pejajahan,1
sewenangnya,1
sekang,1
iranas,1
pengecutlewat,1
brla,1
matimatian,1
lepas,1
panikresah,1
hyy,1
suhu,1
sajabiar,1
tentramjika,1
hormz,1
hrmz,1
merakaa,1
rsk,1
dnl,1
bek,1
sinyahu,1
perbuatan,1
melecehkan,1
mensejahterakan,1
kalao,1
kekejamanya,1
halal,1
trumpcina,1
ogdj,1
murahan,1
irandulu,1
porandakan,1
samainilah,1
sesatmenjajah,1
oramg,1
akalpadahal,1
nuklircontoh,1
nuklirsungguh,1
neng,1
janggan,1
kawu,1
gaspol,1
omonkok,1
numpang,1
kebun,1
kebon,1
wahwah,1
waaaah,1
generasi,1
beraksi,1
pungbooooom,1
lurus,1
mtutup,1
mkuasainya,1
tpikir,1
mkuasai,1
mtutupnya,1
mtekan,1
dikte,1
mdikte,1
rrc,1
bersebrangan,1
israelitu,1
anehy,1
kkuasaan,1
ngkau,1
penembakan,1
prrsoalan,1
ametika,1
batunya,1
nyumpal,1
trummorg,1
streees,1
sywar,1
pemimpi,1
bahaaya,1
kabuuuuir,1
keteteran,1
trumppret,1
sattannyahoe,1
tanggal,1
februari,1
ujugujug,1
aturanhukum,1
kplak,1
konslet,1
adidayasuperpower,1
balau,1
houty,1
segerakan,1
diharafkan,1
dikerahkan,1
mengutuknya,1
kamar,1
mandi,1
menumbangkan,1
lucutk,1
lebanonn,1
mengalahkan,1
israelllll,1
sop,1
pandaemangnya,1
keiran,1
netanyaho,1
dunua,1
blokadekabel,1
ganjaran,1
aminkan,1
netanyhu,1
dapatkan,1
chine,1
tab,1
gambar,1
pietnam,1
buahnya,1
untu,1
rapatkan,1
barisan,1
king,1
kinzir,1
nienyusahkan,1
duniaknapelah,1
mampos,1
lagibagus,1
ikat,1
lelangit,1
berkecai,1
udarasekali,1
anuar,1
ibrahim,1
biawak,1
semak,1
kat,1
acah,1
bangsat,1
rakyatjadi,1
kayujadi,1
pmbt,1
sntt,1
nyetanyahu,1
konplik,1
kirsten,1
topi,1
bertuliskan,1
usaasu,1
degil,1
dagang,1
get,1
ouyt,1
fromplastina,1
lands,1
tahundi,1
sjslot,1
panikhebat,1
keberadaan,1
penegakan,1
hancurlah,1
pendirian,1
jajahan,1
seadanya,1
runcing,1
meberintian,1
empuk,1
ijazah,1
diberitakanbravo,1
biadabzionis,1
zahanam,1
hhahaa,1
peradaban,1
bodo,1
josssetuju,1
habislah,1
hhahaaaa,1
su,1
udonnn,1
tenags,1
nuklis,1
guy,1
segudang,1
goyah,1
israelkalau,1
bebekku,1
kertasbotgoo,1
frustasi,1
rp,1
perak,1
ongkir,1
comment,1
mentri,1
kambing,1
dibalik,1
sumur,1
haknya,1
wilayanya,1
sendirienak,1
duniaseharusnya,1
amrrika,1
israelyg,1
selslu,1
kacao,1
bungkam,1
mangx,1
nenggelamkn,1
swaktu,1
hormous,1
dbyk,1
berkelanjutan,1
berpotensi,1
semuakrisis,1
mengurangi,1
phk,1
mengerikan,1
parno,1
comot,1
kudeta,1
presidenya,1
mosad,1
beranihajar,1
sipantat,1
didikte,1
astuduhan,1
blockade,1
dampak,1
stuktur,1
benaan,1
pelangaran,1
penceroboh,1
persetujuan,1
beerti,1
pencerobahan,1
sekala,1
amerikake,1
iranbertindak,1
merayu,1
amerikaserangtakbirhanya,1
esaallahu,1
lailahaillallah,1
allahal,1
fatihahamiin,1
suwe,1
termu,1
menyeret,1
sattan,1
devil,1
osrael,1
targetkan,1
nahhhsaat,1
introgasi,1
markas,1
sakitmasjidgreja,1
rudalllbiar,1
streess,1
gedabros,1
yi,1
ngadepi,1
pecus,1
kipas,1
bangsad,1
negra,1
dubur,1
negranyatp,1
memperingati,1
ditingkatkan,1
kualitas,1
prajurit,1
illaa,1
haillallah,1
anna,1
nimal,1
wakil,1
hamaz,1
syiaah,1
mengunakan,1
remaja,1
pemuda,1
darar,1
nyakin,1
nyerahin,1
acam,1
bembaknya,1
kekita,1
devisa,1
memancing,1
balaskan,1
saudaramu,1
malumlrng,1
sdngkn,1
menhub,1
penguatan,1
wisatawan,1
morat,1
marit,1
berwisata,1
berjaga,1
sipembuat,1
mengingkari,1
syaraf,1
jidat,1
kebangkrutan,1
blokadetembak,1
menangcjina,1
mundurbiang,1
tundukkan,1
inikan,1
pemerintahanannya,1
insya,1
tramdan,1
chaina,1
irankarna,1
dalil,1
lainpadahal,1
tanahnya,1
buminya,1
bodohnya,1
irankini,1
icina,1
bacooottt,1
zonis,1
syetanyahu,1
traum,1
ze,1
anjeeeng,1
bebeksuoaya,1
odgjomon,1
jelasgitu,1
nkri,1
bebaskalo,1
konyoolll,1
kanwahh,1
yaabarat,1
krekter,1
sbnrnyalawan,1
sbbnya,1
masslh,1
menuduh,1
smpikn,1
tgga,1
pon,1
itukn,1
igtnya,1
hoe,1
israhellayo,1
lgdasar,1
kalianserang,1
lebanonserang,1
ngatasi,1
hurmoz,1
husus,1
allahswt,1
memusnahkannya,1
yrb,1
tramklau,1
memasuk,1
snjta,1
bolehtrud,1
lknat,1
irannnnntu,1
pr,1
tuntasayo,1
yakasihan,1
boikot,1
pildun,1
melaui,1
spanyolfrancisjerman,1
dkk,1
menyatakn,1
terpokus,1
berebut,1
tramharus,1
kejiwan,1
palestineya,1
wilaya,1
hakk,1
berdpak,1
buruk,1
tembakkk,1
menerima,1
irandan,1
menyodorkan,1
keki,1
konten,1
israill,1
dibasmi,1
layaknya,1
kanker,1
donalteram,1
leyap,1
sombongnyadegilnya,1
calon,1
penghuni,1
panti,1
jompo,1
lancarkan,1
selamnya,1
chi,1
asutuntutannya,1
indikasi,1
depresi,1
membenci,1
inti,1
pimpin,1
trumklo,1
diturunkan,1
pendukunq,1
segenap,1
masyrakat,1
kuku,1
melemakan,1
aamiinn,1
ompong,1
aumbya,1
pigai,1
menembaki,1
lebarlebar,1
penafsiran,1
broo,1
sindi,1
thapus,1
anarkisan,1
aworanya,1
jurang,1
hiraukan,1
haaajjaaaarrrr,1
terotorial,1
iranegk,1
bacotttttsiiikkkaaatttttttthuuuuhhh,1
memutarbalikan,1
dipagar,1
pik,1
diwancarai,1
menyambung,1
malulogika,1
wilayh,1
diaapa,1
bayardasar,1
profaganda,1
malusekaan,1
adanama,1
adidayakerjaan,1
enapa,1
penjajahtak,1
malutak,1
situabangka,1
ppeehh,1
hilangan,1
basiiiiii,1
tramb,1
mngncm,1
chinajangan,1
streeesss,1
hurmuzsenjata,1
membusuk,1
israelngacer,1
mju,1
jera,1
tugasmu,1
dibayar,1
hitungan,1
unjuk,1
dinamika,1
eventnya,1
frontal,1
perangyg,1
dipancing,1
persediaan,1
diperangi,1
demua,1
jegara,1
lahbiangkeladinya,1
surut,1
ngebacot,1
dengn,1
menggandakkn,1
xinjing,1
ping,1
bertindakbeda,1
trumdunia,1
tukut,1
tterus,1
kroninya,1
gentle,1
hidung,1
dikwatirkan,1
bessr,1
gulita,1
syat,1
dikurangibegitu,1
irantpi,1
mngjk,1
samasaya,1
mndukung,1
damaiagar,1
kebngkitan,1
sehancur,1
hancurnyatpi,1
duanya,1
kecilknpa,1
bergunakarna,1
sahit,1
taukarna,1
kematian,1
terikat,1
duniakematian,1
shahid,1
hipersonix,1
amaran,1
terlampau,1
cerewet,1
kejiwaan,1
asyik,1
memanipulasi,1
menyudutkan,1
menyiarkan,1
kredibel,1
sendiriganyang,1
asingbisa,1
nurani,1
sedeng,1
saji,1
menciptakan,1
bopkecuali,1
madurokn,1
perdamaiam,1
memblock,1
setanyahoo,1
manfaatnya,1
altireli,1
penghancur,1
pungut,1
imbas,1
merangkai,1
israelamerika,1
kanohabagi,1
tuchhhas,1
hormuzhahahahahamakin,1
syiahtidak,1
kenavasaudi,1
ingonidiah,1
vadadiam,1
umatmuselim,1
hormuzmau,1
mengeruk,1
yaaadasar,1
ge,1
neta,1
isdet,1
domestic,1
diperas,1
ketidakmampuan,1
mengendalikan,1
transportasi,1
siang,1
halusi,1
nasi,1
militan,1
invasipbb,1
diamberarti,1
bausombong,1
penjajahpenjahat,1
peranglihat,1
mukanya,1
muntahsibau,1
bebik,1
mengakuwi,1
bunika,1
biadabnya,1
jugahadehdwngan,1
menunjukan,1
merekachina,1
residen,1
mahluk,1
njilatin,1
malam,1
rudali,1
menggenapi,1
panggil,1
yohanes,1
sudahraja,1
kota,1
gelanggan,1
arena,1
oktagon,1
ditonton,1
nyembah,1
halelintaaar,1
initop,1
peduli,1
diantisipasi,1
komdigi,1
situs,1
judol,1
tskut,1
gilacoba,1
sobat,1
tebalikbalik,1
woooyyyy,1
mendukungnya,1
iseael,1
ibliiss,1
mesir,1
turki,1
ahok,1
allahmereka,1
melampaui,1
batassegerakan,1
termanja,1
kotak,1
suaminya,1
maksimal,1
musnahkn,1
klinkau,1
rm,1
level,1
dakjal,1
bgian,1
mnsia,1
bsr,1
menguwasai,1
bjkan,1
gasssss,1
donl,1
nggedabrus,1
duduki,1
kursi,1
helikopter,1
terlepas,1
doankdonalasu,1
mntap,1
waebiar,1
kabeh,1
mantaaaappppp,1
lraaaannnnn,1
kibarkan,1
harta,1
jeung,1
save,1
palestinahizabullah,1
kianat,1
tertunduk,1
mungin,1
ayooonegara,1
hantam,1
iranrusiakorea,1
bangetssss,1
yyg,1
nuklirr,1
mengubur,1
pemerrasan,1
nyadia,1
palestinakok,1
astaghfirullahkacau,1
kosongkan,1
zionisisrahell,1
lanatulloh,1
militerzionis,1
menggempur,1
sajaaku,1
mendoakanmumoga,1
mngatakan,1
sindo,1
lan,1
back,1
ocean,1
immediately,1
obey,1
my,1
order,1
targeted,1
pemirsa,1
arus,1
melunak,1
tercekik,1
samudera,1
keruntuhan,1
hbiskan,1
mantaplah,1
kecantol,1
wet,1
jeruk,1
rusiachinairan,1
minimallah,1
senggol,1
berjuta,1
independen,1
syetan,1
nys,1
bsgi,1
daru,1
malakin,1
orgil,1
pokokke,1
mlebu,1
pekarangan,1
dongengnya,1
botol,1
mrtrump,1
mahakuasa,1
dibenci,1
binaan,1
husein,1
pemburu,1
donasi,1
cowboy,1
bibi,1
itutancap,1
iransemuaa,1
mendoakanmuiran,1
reset,1
tertutup,1
minyakko,1
mengurus,1
hormustdasar,1
bersunat,1
cecak,1
buaya,1
kejadiannya,1
menggertak,1
khameini,1
cant,1
wait,1
aircraft,1
carrier,1
sink,1
linglung,1
emosi,1
dahavenger,1
ironman,1
nyacukup,1
julung,1
hsjar,1
kecipirit,1
dahhh,1
mouth,1
twingky,1
wingky,1
gelok,1
nenggelamkan,1
bacotminta,1
gubrissmntara,1
bolehdasar,1
menyelamatkan,1
terbawa,1
realistis,1
internetnya,1
greget,1
chinakayaknya,1
kerajaan,1
menjauhi,1
menakutkan,1
haluiran,1
israelmembunuh,1
manusiatrump,1
sidajjal,1
mewakili,1
waspadai,1
bajixgan,1
kerusuhan,1
runding,1
melucuti,1
kericuhan,1
bayangkan,1
direbut,1
waraslah,1
israelmantap,1
goyang,1
nganut,1
ambruk,1
akrena,1
kebidaban,1
tepi,1
wailayah,1
hoakai,1
lautnya,1
peningkatan,1
alutista,1
kenoha,1
pariwisata,1
cinaancaman,1
diinjak,1
zelat,1
songok,1
peswat,1
nethanyahu,1
tenggelamin,1
melejit,1
siapsiap,1
pupuk,1
terhambat,1
tq,1
setongyg,1
track,1
record,1
bomb,1
ditungguin,1
bewok,1
tebakan,1
terpenuhi,1
naikbiar,1
mobil,1
pngacau,1
hormuzhhaahah,1
berahir,1
tertawa,1
jki,1
sebutkan,1
pecaya,1
amirikaklo,1
astempoh,1
kesudahan,1
kancontoh,1
sepertikehidupan,1
baikberkeluarga,1
lagisaya,1
kansaya,1
men,1
sayasekian,1
menyebelahi,1
sesiapa,1
mencipta,1
berbilang,1
menangsoal,1
winner,1
kentir,1
liya,1
sak,1
penake,1
damaiselagi,1
bernama,1
ameica,1
omogan,1
matek,1
legendaris,1
aksi,1
liciknya,1
dilanggar,1
ditangan,1
hitler,1
kucil,1
statement,1
job,1
buah,1
prmah,1
terofis,1
israelmereka,1
sepaket,1
stand,1
trumppp,1
error,1
eaalah,1
rapat,1
salathormouz,1
serasa,1
jilat,1
coblos,1
pilpres,1
menyesal,1
lagibarti,1
punahberani,1
taruhan,1
mabur,1
trimakasih,1
trusaduhh,1
asikkkk,1
petang,1
lanjuttttt,1
terpurukkkkk,1
kelonjotan,1
pemersatu,1
mengecoh,1
lengahpas,1
iranwaspada,1
sekte,1
protes,1
teritori,1
ngoto,1
blokadegmn,1
pembelaan,1
dahlaaaa,1
kejiperang,1
ancuran,1
trumptahan,1
menempatkan,1
pecundanggila,1
sorakan,1
dihalalkan,1
iranallohuakbar,1
keji,1
mentangmentang,1
dinamakan,1
undur,1
hihi,1
endak,1
mengancurkan,1
binasakan,1
matahari,1
truml,1
ngambil,1
maksud,1
venezuala,1
takluk,1
oyen,1
roblox,1
salip,1
tampar,1
gpunya,1
dasarnya,1
bagusnya,1
ingatmengusahkan,1
emm,1
melabeli,1
pengingkar,1
team,1
redaksi,1
ngulur,1
daratnya,1
maknya,1
belut,1
pamor,1
maunkadi,1
hhhh,1
sbnary,1
pemalakan,1
jangkaunya,1
ribukm,1
kwkwkwk,1
tembk,1
dkit,1
kapl,1
berkompromi,1
goblock,1
unlimeted,1
batunyasampek,1
teroriz,1
wakakaka,1
ngecut,1
hajarr,1
leburrr,1
tabarakalloh,1
abah,1
ngebet,1
niiran,1
dibohongin,1
garong,1
mempercepat,1
niklirnya,1
mungkiri,1
kemahuan,1
dituruti,1
mimpin,1
tahusiapa,1
dajjalsatu,1
salahdia,1
nampaknya,1
menangkis,1
spam,1
dronerudalkapal,1
mengintai,1
peluncuran,1
disatu,1
sisi,1
memecah,1
kosentrasi,1
strikesemoga,1
menghalau,1
semuabravo,1
makananaya,1
keangkuhannya,1
ulasan,1
gengster,1
baya,1
dipercayabeda,1
perkataan,1
truk,1
supply,1
inipun,1
ngincer,1
kepukul,1
suram,1
iranbiar,1
sejahteracontoh,1
hirosoma,1
nagasakibayangkan,1
menemukan,1
besaran,1
kehebatan,1
memusnakan,1
du,1
genctan,1
bicaranya,1
agresif,1
rumitnya,1
amerikatapi,1
pejam,1
rajanya,1
israelklau,1
samamedia,1
menghina,1
memperlakukann,1
sebayak,1
nonblok,1
dikecam,1
bpk,1
pembohongpenjahat,1
dajjjal,1
penasaran,1
diragukan,1
seharusnxa,1
memutus,1
hububgan,1
deplomatik,1
layar,1
jejali,1
granat,1
pengkiant,1
percayakalo,1
beraknya,1
benarkan,1
belayarjika,1
asmenjadikan,1
menyekat,1
mengisi,1
regime,1
sekeluarga,1
asbisa,1
diaklo,1
licikin,1
doangkan,1
yaaahhhh,1
galau,1
duinya,1
demgerin,1
negera,1
lumrah,1
chord,1
keoar,1
tahunayu,1
akurat,1
reprternya,1
rekam,1
jejak,1
pengianatan,1
dipcyudah,1
khianat,1
tes,1
tragedi,1
highway,1
death,1
pojok,1
gua,1
innalillahi,1
inna,1
ilaihi,1
roojiun,1
kafer,1
beriman,1
meninggikan,1
sendirimembuat,1
sendirimerasa,1
dirinyamemalukaningin,1
meramas,1
iranirgcrakyat,1
semestapencipta,1
bumiaamiin,1
kama,1
nasranin,1
sejara,1
sihomongan,1
banciselama,1
sadis,1
yabukannya,1
mengobarkan,1
perangmakin,1
duniapbb,1
amerikagunanya,1
gass,1
pirates,1
piece,1
guys,1
ajarannya,1
penghinat,1
percayadengan,1
sekutunyadalih,1
gencetan,1
senjatagencetan,1
merekauntuk,1
ilmuwan,1
dimakan,1
genderewo,1
ssmua,1
js,1
menzolimi,1
beredar,1
pasokan,1
kekapal,1
beaya,1
oprasional,1
besaar,1
milyarharikapal,1
beniat,1
terguncang,1
arnada,1
yakinlah,1
dikawasan,1
bermimpi,1
terustrump,1
sekehendak,1
keinginannya,1
absolut,1
membantah,1
keangkuhan,1
terbentur,1
tembok,1
setia,1
kedaulatannya,1
bible,1
qs,1
maidah,1
ayat,1
melaknat,1
membatu,1
mengubah,1
firmanfirman,1
tempattempatnya,1
melupakan,1
senantiasa,1
pengkhianatan,1
sekelompok,1
maafkanlah,1
biarkanlah,1
menyukai,1
muhsin,1
matius,1
tb,1
ular,1
beludak,1
halhal,1
meluap,1
keluaran,1
jalankeluaran,1
berfirmanlah,1
stresnya,1
staretegi,1
terkututuk,1
trm,1
pembawa,1
srmoga,1
kencingi,1
mjadi,1
perampoknegara,1
sngat,1
jijik,1
pirate,1
sates,1
upsa,1
diterima,1
diadili,1
akhinya,1
nasibnya,1
husin,1
labil,1
diubah,1
korup,1
terjepit,1
menyepakati,1
thd,1
saraf,1
dilayani,1
terpilih,1
keburu,1
kangker,1
neken,1
dimau,1
umatclim,1
clim,1
grup,1
penjajahharus,1
kokiya,1
bersambung,1
bhongi,1
trsy,1
gncetan,1
tinggah,1
hidupnya,1
mendarah,1
puas,1
walpon,1
serakahnya,1
kontak,1
fikrif,1
membehhh,1
ndoblehhh,1
munculnya,1
usulan,1
blanket,1
overflight,1
access,1
memunculkan,1
tenggara,1
diberitakan,1
bbcnewsindonesia,1
washington,1
memperkuat,1
vital,1
ketegangan,1
meningkat,1
mencuat,1
firstpost,1
memuat,1
terbang,1
suaranya,1
lemas,1
temurun,1
lainselat,1
mumpung,1
brngskbrngsknya,1
mondarmandir,1
kekuatanmu,1
infrakstrukturnya,1
kado,1
spesial,1
radikal,1
menyaksikan,1
adari,1
pembajak,1
alhamdulillahsemoga,1
siteroris,1
satelit,1
mitra,1
pendiriansudah,1
rese,1
klaamaan,1
assemua,1
persaingan,1
demen,1
mengutuk,1
mangkal,1
percayai,1
bolbal,1
amriko,1
pembohongjika,1
perbanyak,1
berkolaborasi,1
here,1
agains,1
black,1
mondays,1
donaldtrump,1
merasai,1
stlah,1
trbuka,1
berulah,1
busukk,1
makanyaaa,1
dicabut,1
dilibanon,1
engak,1
temani,1
hafal,1
islammaka,1
pernh,1
percy,1
trumpdia,1
pbbsemua,1
duniatapi,1
anteknya,1
memainkan,1
kenaikan,1
memperberat,1
bergantung,1
dhzalim,1
hatiiran,1
eeeeeuuuuuh,1
agresi,1
disegerakanamin,1
nyerahhanya,1
milk,1
ngr,1
obatan,1
leburiran,1
lilin,1
mantaaaaappppp,1
dasarx,1
zn,1
rl,1
gilaaaaaaa,1
duniajd,1
skle,1
hengkang,1
temenya,1
prabuwuuuuuuu,1
kesepakan,1
mengerahkan,1
ulur,1
kurangnya,1
mutlakmelainkan,1
temu,1
menangnya,1
margotop,1
dijamin,1
merajalela,1
trumsetannyahu,1
ass,1
iean,1
sennata,1
abresor,1
melemahkan,1
menguat,1
bab,1
ell,1
tipe,1
licikdan,1
janjiitu,1
alkitabmana,1
jujurtidak,1
ganyang,1
jidatnya,1
nepatin,1
langgar,1
kelengahan,1
focus,1
sepakatan,1
dioercaya,1
wanita,1
mantannya,1
nasnya,1
semrawut,1
janjiorg,1
disayang,1
berlagak,1
l,1
selahermus,1
tiket,1
hsbiis,1
rosak,1
ngroyok,1
becus,1
mangis,1
ammirika,1
samoae,1
ab,1
oz,1
bri,1
rusailagilah,1
rusiah,1
natodi,1
berbagi,1
melanggarnya,1
catatan,1
perlakuan,1
kalangan,1
dipandang,1
menobatkan,1
gelar,1
dikemukakan,1
beliau,1
bahayanya,1
oligarki,1
ketebak,1
menjatuhkan,1
kisah,1
herosima,1
terulang,1
berpengaruh,1
berpandangan,1
untyk,1
memperketat,1
pelecehan,1
menfhancurkan,1
pelaksanaan,1
bertanggung,1
dewasa,1
plaksanaan,1
sitrumppenipu,1
penggamat,1
isuk,1
tempesore,1
delehhhh,1
mantabz,1
kimak,1
ram,1
americ,1
malujdi,1
pengemis,1
tergesa,1
kaau,1
belatung,1
selah,1
habissan,1
hormuzkalo,1
gc,1
konohan,1
kuburanjual,1
sandal,1
dompet,1
jogosnya,1
dluan,1
americabiar,1
cocar,1
beranaihancurkn,1
pantau,1
mohon,1
mematikan,1
kejantung,1
netan,1
konco,1
blokademau,1
hormuzgak,1
berpengaruhtoh,1
cegegesan,1
nagani,1
sosmed,1
terbatassekarng,1
halhasil,1
langgaraturan,1
epektip,1
kerjain,1
donaltaram,1
udalahlah,1
permainkn,1
negaisasi,1
slamanya,1
tersendiri,1
matang,1
omongantram,1
percayasok,1
wan,1
kurs,1
rupiah,1
bernilai,1
amburadu,1
powernya,1
petarung,1
sejatiratakan,1
tnh,1
low,1
masalahlbih,1
rsjbiar,1
memperkaya,1
menakuti,1
boroknya,1
pengawasnya,1
merembet,1
mpersiapkan,1
mnyerang,1
obyek,1
pemikiranya,1
adat,1
mama,1
batidak,1
hacul,1
ekamurnlaaedbinsaedbin,1
iklas,1
donaldrum,1
uratnya,1
enti,1
kendur,1
pol,1
biarlah,1
cacing,1
panasan,1
tipikal,1
jongosya,1
dicapai,1
proses,1
disanjung,1
mengadili,1
perwakilan,1
bertanggungjawab,1
edan,1
teror,1
brutal,1
trumpret,1
kamaneei,1
uraniumfaktanya,1
bawahannya,1
uraniumsiapa,1
penghianat,1
brick,1
brik,1
pemimpinya,1
puya,1
runrtuhya,1
bejat,1
jado,1
kepiawian,1
diplomasinyasejarah,1
mencatat,1
tramlebih,1
sendirikarena,1
bawahi,1
israilagar,1
mentang,1
teruspadahal,1
menutupberarti,1
itukalau,1
lagipbb,1
bertikaiharus,1
sajakalau,1
sajakapan,1
komennya,1
dijaman,1
duet,1
iras,1
luntak,1
isriilhamsa,1
tanahzuriah,1
ikuti,1
perkembangan,1
selnjutny,1
menyelesaikannya,1
tabiat,1
berkomplot,1
bginilah,1
lantah,1
langitnya,1
jengkel,1
kegilaan,1
jujurlah,1
ooopooo,1
plintat,1
plintut,1
kancil,1
taaae,1
berenang,1
termehek,1
mehek,1
sudalah,1
runtuhkan,1
uraniumya,1
sukarela,1
uraniunya,1
kemas,1
gedabrus,1
trumpberes,1
waullohua,1
lam,1
atao,1
komplik,1
kroni,1
tindak,1
ajeh,1
sekuat,1
gemana,1
korbanya,1
diiran,1
topeng,1
wahyu,1
menuntaskan,1
ribetkan,1
pecat,1
senat,1
keerjanya,1
umatnya,1
perpuluhan,1
memimpin,1
jujur,1
bahas,1
terutamah,1
takutin,1
ngontrol,1
memgalah,1
bangun,1
buatkan,1
dubai,1
makmur,1
tarip,1
tapibajak,1
bgitulah,1
perut,1
babat,1
demgan,1
kondusif,1
sdraq,1
bersedia,1
nr,1
pakaipersetan,1
prngamat,1
kosongiran,1
menyuruh,1
hormusbiar,1
gazapalestina,1
tramkalau,1
disertai,1
mnggap,1
sepele,1
segani,1
orangini,1
melenceng,1
trummm,1
ogah,1
mall,1
tato,1
tindik,1
kuping,1
bersuara,1
ajalah,1
diduniaseperti,1
ameeika,1
iru,1
trumd,1
plastik,1
plastiknya,1
ratusan,1
pengayakan,1
budek,1
ancem,1
komitmen,1
hei,1
indon,1
bicarakan,1
tdkntersentuh,1
bersifat,1
sesimpel,1
jantung,1
santai,1
stan,1
bentuk,1
apaka,1
laksanakan,1
ketertiban,1
dijajajah,1
persatu,1
chinakorea,1
watak,1
jelek,1
lahir,1
punyadan,1
intimidasi,1
adilini,1
tertipusm,1
amrekkrn,1
amrek,1
gilagk,1
konsekwen,1
tempramentalkalo,1
tempramental,1
hehehehe,1
irandia,1
trumplnjut,1
bnderang,1
catur,1
sekag,1
mat,1
bapa,1
berlanjutsemoga,1
senangingat,1
pihaksiapa,1
menangjika,1
ferr,1
komersial,1
omoong,1
rvdal,1
presenter,1
tangkis,1
botirambo,1
tulang,1
natotrumpet,1
sokjagoan,1
insa,1
bk,1
ngjak,1
gnctan,1
snjtadamai,1
klakuannya,1
ngebomiblis,1
pengancaman,1
mempermaiankan,1
bagusas,1
dipercayablokade,1
blokadeas,1
apigak,1
munafikun,1
kebencian,1
sorga,1
selangkangan,1
zepertinya,1
terkibuli,1
setslah,1
hisbollah,1
mka,1
geruduk,1
damaikan,1
acaman,1
negarah,1
mendoakanmu,1
lebahnon,1
berih,1
ketabahan,1
dikaitkan,1
analisanya,1
bismillahi,1
rahmanirrahim,1
kmunapikan,1
ksombongan,1
anguhan,1
brikanlahukum,1
tadak,1
klaskakab,1
bangkitkan,1
juang,1
allaahhh,1
ummatmu,1
pembunuhan,1
jilit,1
hisbuloh,1
isarael,1
bkl,1
serangsampe,1
diburu,1
gengsi,1
menipengkan,1
manis,1
menikmati,1
leha,1
memakan,1
ilop,1
perselisihan,1
mbantu,1
ultimatum,1
kejahan,1
tekanlah,1
berpikirlah,1
cermat,1
pemberontak,1
tololl,1
berpesan,1
menyarangkan,1
imam,1
mahdi,1
menyediakan,1
mengadakan,1
pemusnah,1
konpensasi,1
israeljgn,1
remehkan,1
kebiadaban,1
tegakan,1
percayatetap,1
lasesusi,1
baitul,1
maqdis,1
tutp,1
hancurkannn,1
kelicikan,1
israelit,1
funnyiran,1
polisinya,1
prundingan,1
masukkan,1
ptajirit,1
kakak,1
serewil,1
iniiih,1
sarana,1
ditangani,1
memperlakukan,1
kelihaian,1
timurtengah,1
gangnya,1
erdagon,1
jlsini,1
bodohan,1
negaratimur,1
nyahook,1
reta,1
tana,1
gretak,1
mundurselat,1
iranmajuuu,1
semangaaaat,1
iraankita,1
berbanding,1
berbhaya,1
dicheck,1
badan,1
ungkit,1
car,1
mengada,1
hambanya,1
atm,1
banking,1
ajian,1
naga,1
geni,1
baju,1
loreng,1
kun,1
fayakun,1
amiinsalam,1
luqman,1
hakimwage,1
keleng,1
bermarkas,1
houmus,1
berdoasemoga,1
bergandeng,1
rusiachinakorutagar,1
pemerintahanmiliter,1
dilanda,1
menghancurkanhaya,1
sekejal,1
hoaxx,1
membeo,1
gudangnya,1
pembangunan,1
domba,1
boneka,1
canggihnya,1
hancurleburrrr,1
bin,1
bacottt,1
perkasa,1
mslah,1
leburrrr,1
ludahhh,1
ngembangin,1
ygbikin,1
mihak,1
kecualian,1
taktiik,1
robbi,1
istail,1
obiektif,1
pemusnahan,1
penyerahan,1
amerikamembatasi,1
jangkau,1
irankemudian,1
setop,1
hizbulahhamas,1
hautidan,1
bekerjasama,1
pengelolaan,1
laki,1
berkat,1
gus,1
miftah,1
san,1
mughibbin,1
fpi,1
selemah,1
itumengecewakan,1
khomeini,1
diblokir,1
hilangnya,1
mem,1
sebebarnya,1
asa,1
salat,1
berpikirnya,1
naya,1
strum,1
darimana,1
terpongkeng,1
sbekti,1
diskusi,1
inginan,1
nubuat,1
panji,1
berkumpul,1
syamutk,1
menjungkalkan,1
menghapus,1
bumiwalau,1
eksekusi,1
gemetar,1
terimalah,1
allow,1
pengerahan,1
assrewel,1
trumptambah,1
bestienya,1
syetannyahu,1
kendalikan,1
askapal,1
hirmuz,1
kirimkan,1
plss,1
ben,1
gejolak,1
hrg,1
kualaan,1
sesnaknya,1
puluhan,1
disebutsebut,1
sriwil,1
mantunya,1
menyerahkarena,1
pie,1
bbs,1
memproduksi,1
nmanya,1
hormuscina,1
penyuplai,1
mikr,1
kotaku,1
yatimpiatu,1
rab,1
citra,1
smirika,1
sesui,1
hujat,1
berbayar,1
pungutan,1
meras,1
juta,1
dollars,1
berkurang,1
pendapatannya,1
terhenti,1
utamanya,1
pengembangan,1
memburu,1
regim,1
fase,1
mengganyang,1
transisi,1
reza,1
pahlevi,1
menyelenggarakan,1
referendum,1
demokratis,1
imho,1
hubungannya,1
genjata,1
dibukanya,1
mewekx,1
teraturadalah,1
beran,1
ias,1
drem,1
soan,1
mendekati,1
bokeh,1
kiiiih,1
ajangga,1
perlawan,1
takbirtakbir,1
diundang,1
tolalet,1
dibohingi,1
pelawak,1
terget,1
membatasi,1
bonyok,1
dajalamerika,1
me,1
gecewajan,1
aamerika,1
putunghidup,1
kemampuankira,1
rong,1
amerikaperundingan,1
jjika,1
irran,1
disetujui,1
ditekan,1
sekalikali,1
menyetujui,1
ajarkan,1
putung,1
yajuz,1
majuz,1
egois,1
senake,1
dewek,1
menyeberangi,1
diizinkan,1
implementasi,1
waaahhitu,1
nyusun,1
barubuktikan,1
kegagalan,1
komitmennya,1
mengakibatkan,1
palak,1
esmaeil,1
baghaei,1
beroperasi,1
realitas,1
dihajar,1
caplin,1
akhirx,1
sekalix,1
ngemisngemis,1
liter,1
pengendali,1
terkaing,1
kaing,1
lemahsenjata,1
arang,1
kebodohannya,1
dipelihara,1
era,1
keterbukaan,1
youtube,1
obyektif,1
mengendorkan,1
menandatangani,1
letaknya,1
proxynya,1
letak,1
narasinya,1
kebolak,1
dilebanon,1
asselat,1
berlayar,1
melawak,1
perduli,1
syitan,1
lecek,1
bargaining,1
jebakancerdik,1
dikutsk,1
katik,1
coy,1
keyakinan,1
justrus,1
kerumah,1
ditenggelankan,1
barangbarang,1
dinamai,1
printah,1
hacur,1
bergejolak,1
nice,1
israelayo,1
buatlah,1
berlapis,1
lapis,1
menginvasi,1
reporternya,1
penjahatnya,1
mengacak,1
strategikemungkinan,1
kesabaran,1
abisas,1
nosidt,1
memusuhi,1
otennyahu,1
jeniusamerika,1
kejebak,1
hormuzjika,1
dagangnegara,1
hancurekonomi,1
bangkrutrakyat,1
menderitamasih,1
rezem,1
pembuatannya,1
hadapan,1
sasaran,1
menggulingkan,1
iranjadi,1
tvone,1
termakan,1
amerikaandai,1
pelabuhannya,1
ilegalharus,1
irankita,1
presidenkonohabukaselat,1
pekun,1
poworlagi,1
paramullah,1
intelegen,1
respect,1
dikhawatirkan,1
pemasokan,1
hormuzsampe,1
sukanya,1
apaliagi,1
memuja,1
jabar,1
qohar,1
kanlah,1
sisimu,1
rob,1
yess,1
bolkade,1
tersudut,1
kecamatan,1
liang,1
mult,1
plantrump,1
noklir,1
kekkacauan,1
kerepotan,1
menandakan,1
anies,1
bahagia,1
tertarik,1
sekolah,1
saran,1
bumerang,1
dibukabiar,1
kehabisan,1
wang,1
leyapkan,1
dibukapun,1
collapsed,1
surrender,1
hurmos,1
adalh,1
iranpersia,1
sholehcerdaspemberani,1
hormuzsemua,1
itujd,1
memutar,1
beritanyananti,1
ditertawakan,1
lebanonpalestina,1
taruhannya,1
dipatuhi,1
terjawab,1
krisislucu,1
awlanya,1
ketar,1
ketir,1
negaralu,1
ayoklah,1
lagiplinplan,1
akuin,1
ahirua,1
hourmus,1
bl,1
industri,1
amburadul,1
mengalir,1
semit,1
harkat,1
martabat,1
nelibas,1
kepicikan,1
monyetanyahu,1
hormusbisa,1
berakibat,1
fatalutk,1
digempur,1
asangkat,1
putuh,1
keresah,1
kerusuh,1
scenario,1
khaliq,1
mengukur,1
konsesi,1
ekknomi,1
nuklirpun,1
mengutis,1
malaikat,1
pepesan,1
berdamak,1
pola,1
berpasangan,1
sebabakibat,1
aksireaksi,1
disebakandi,1
awali,1
pembatasanpenutupan,1
kesengsaraan,1
runtu,1
pecek,1
sendirihidup,1
demokrasi,1
diketawakan,1
seblum,1
pelabuhanpelabuhan,1
bermutu,1
uraniumlebih,1
mencegahnya,1
tepung,1
beginila,1
uran,1
pslestina,1
tsklukan,1
tra,1
peranglbh,1
lelah,1
berkabung,1
menjilat,1
ee,1
gembor,1
gembarkan,1
bermartabatgak,1
banding,1
pendekar,1
irankalau,1
kepandaian,1
genius,1
istimewanya,1
elukan,1
tuhannya,1
diludahi,1
membutakan,1
selar,1
bersikap,1
teruskanpengkayaanuranium,1
gubris,1
lgyg,1
gunungyg,1
ditembus,1
musuhsaking,1
iransampai,1
manipulatif,1
menyesatkan,1
geser,1
hariakan,1
kejutan,1
semudah,1
hihihii,1
domino,1
hihihihiii,1
hihihihiiii,1
ajukan,1
barakallah,1
mengolah,1
sebebas,1
bebasnya,1
ye,1
kanakhirnya,1
pungli,1
milyaran,1
terbukanya,1
dibawa,1
selatselat,1
terutamanya,1
malaca,1
siyamto,1
bp,1
lurah,1
tambas,1
kismoyoso,1
ngemplak,1
boyolali,1
jawatengah,1
bernafas,1
lega,1
sukran,1
berhatihati,1
memutuskan,1
menyeimbangin,1
negarapun,1
eeeee,1
kejatuhan,1
rencananya,1
kuyakin,1
didukung,1
impor,1
bergelombang,1
allhmdllh,1
iranbikin,1
yajangn,1
tramuntuk,1
mantappppppp,1
idonald,1
mengijinkan,1
jebol,1
bol,1
berkepanjangan,1
bertekuk,1
lutut,1
wkwkkwksetelah,1
terlambat,1
blokadeus,1
nge,1
keliling,1
mencega,1
membahayakankan,1
menceganya,1
nyocot,1
who,1
dictate,1
other,1
countries,1
membatalkan,1
dealan,1
migas,1
visioner,1
sihanalisis,1
mendalam,1
kuasablokadeselat,1
duniapunya,1
jauhi,1
ekonomidagang,1
dekati,1
pdh,1
itujahat,1
penipucari,1
notabene,1
tercanggihmu,1
berdosa,1
pemain,1
lewandoski,1
benjamin,1
menatap,1
polandia,1
syukurlah,1
pemilih,1
ktar,1
ktir,1
muntah,1
hayati,1
seteduhteduhnyajika,1
kebangsaan,1
berniat,1
israelsedangkan,1
musnahkansebodohbodoh,1
setololtololnya,1
diritidak,1
tololnya,1
kesadaran,1
terjadiapapun,1
breaking,1
market,1
elah,1
post,1
terusini,1
negaramujangan,1
dipermainkan,1
tundukmantap,1
mengerti,1
adasemoga,1
logistik,1
stabildan,1
totalyang,1
mengaca,1
konyoll,1
abisssmau,1
ttup,1
blokadeakhirnya,1
nyerahhhh,1
dechhhh,1
kacaunya,1
makka,1
madinahiran,1
isiam,1
suapa,1
telor,1
sayuran,1
elektronik,1
vi,1
klaimnya,1
digebuk,1
lapet,1
stasiun,1
bermain,1
sikon,1
mumet,1
ngadepin,1
leo,1
ahlak,1
bestbikin,1
tingak,1
tinguk,1
mensortir,1
seludupan,1
membanjiri,1
menyeludupkan,1
pembuat,1
mengimbangi,1
peliiiii,1
ntiir,1
yoooook,1
o,1
belok,1
bangkeslalu,1
iraannn,1
kanjut,1
kecerdasan,1
makassar,1
oblis,1
berakir,1
misil,1
want,1
peace,1
has,1
ready,1
aswad,1
tuntut,1
kuburan,1
pluss,1
gerombolann,1
rohman,1
rohim,1
meliter,1
ngater,1
kakepaling,1
pakkalau,1
ikutkan,1
padang,1
pasirfikir,1
lojik,1
ladia,1
xde,1
plak,1
nyuba,1
lb,1
dajjald,1
menjinikkan,1
tamu,1
undangbuat,1
mbah,1
turu,1
wae,1
golek,1
kerjanan,1
telan,1
iniamin,1
bisaapalgi,1
matilah,1
antekanteknya,1
keook,1
mengemis,1
sorry,1
najis,1
lembu,1
juoosss,1
wohoo,1
dizalim,1
kemanusiaantidak,1
pakatan,1
damaitunggu,1
duluanlran,1
bahawa,1
merekalran,1
kenoa,1
kapa,1
perosak,1
signifikanbravo,1
samakan,1
kaumnya,1
penjilat,1
beralasan,1
internasionalitu,1
cerminan,1
sumbernya,1
versi,1
tolak,1
bacul,1
bersatumntap,1
dalang,1
kuasanya,1
setang,1
pembela,1
allh,1
menyapu,1
dipakai,1
tepurnya,1
merekapulang,1
tamak,1
surya,1
subhanallah,1
persatuan,1
mempedulikan,1
ledakan,1
kerenmengusir,1
ciutt,1
kekuasaannya,1
berhbtila,1
beespekulasi,1
ngonkong,1
lhomatilho,1
swtallah,1
ygmiliku,1
iniallah,1
sayng,1
iranaamiiin,1
tengelam,1
bumiselmat,1
koeut,1
pkistan,1
tengelamkan,1
diamerdekaaamiiin,1
opung,1
stel,1
teh,1
jalma,1
jiga,1
jurig,1
sarakah,1
ngarasa,1
kawasagoblog,1
euweuh,1
prikamanusaan,1
hercules,1
guliat,1
ilove,1
beradab,1
adabnya,1
kurasa,1
udk,1
otaknyaudh,1
kasihannyalah,1
status,1
adegan,1
lainmesti,1
halangan,1
imperialis,1
puncuri,1
bidang,1
berpikiran,1
kristus,1
operation,1
epic,1
fury,1
unisoviet,1
kertas,1
kepalsuan,1
odgjseenaknya,1
berdaulatbetul,1
banyakomong,1
kosongdasar,1
ngotak,1
ngatik,1
tetangganyahnya,1
trumpalasan,1
nuklirbrasa,1
lwan,1
amerikahanya,1
lwandasar,1
berisi,1
beww,1
spitboot,1
aslucu,1
irgciran,1
lebanonyamansaya,1
pembataian,1
ditampilkan,1
dimedia,1
kagumi,1
dixaman,1
kpannnbiar,1
teoritis,1
dilimdungi,1
meriamphalanx,1
memuakan,1
pemicu,1
keributan,1
allohumma,1
parriq,1
jamahum,1
aqlil,1
adadahum,1
waqosri,1
umurohum,1
cemburu,1
sipatnya,1
dipungkiri,1
waduhhhhkompas,1
pengamatyg,1
hoaxkenapa,1
hormuzmaz,1
beritaparah,1
psychopath,1
straith,1
belong,1
not,1
your,1
country,1
usin,1
beravo,1
bkerja,1
gaji,1
sabodoteing,1
selasa,1
banggax,1
usirkan,1
duakek,1
lekaslah,1
nyusahain,1
doankmelawan,1
industry,1
haluu,1
aas,1
istael,1
akann,1
menganut,1
ideologi,1
perusuh,1
dzalim,1
tetes,1
sekutuan,1
keegoisan,1
kebebasan,1
kenap,1
menng,1
duniayaitu,1
penggenosida,1
suku,1
indian,1
hormuskarena,1
ajan,1
bergabung,1
ampibi,1
yan,1
laiteing,1
reptor,1
berikanlah,1
irn,1
jawabana,1
mengajarkan,1
lakilaki,1
anakanak,1
panic,1
bahlil,1
nasranisaya,1
tetapiada,1
rubah,1
inikebanyakan,1
netizen,1
islamiran,1
agamaapakah,1
laindan,1
agamakalau,1
agamasaya,1
lebay,1
irantuhan,1
howak,1
telingakah,1
ngakunya,1
sodara,1
ludahi,1
invensi,1
peng,1
hakiman,1
kecepatan,1
melonjak,1
iranini,1
nolak,1
usirlah,1
yaallah,1
jalesveva,1
jayamahe,1
angatan,1
bersenjatanya,1
mengunci,1
kepal,1
angaktan,1
latnatullah,1
malulah,1
semuanegara,1
purapura,1
diani,1
apaapanya,1
dibanding,1
perangknp,1
amerikamereka,1
lainbelagak,1
tebak,1
gilaterlalu,1
berhayal,1
ganas,1
lock,1
tivi,1
sendiriemang,1
absen,1
konyol,1
gajian,1
digertakbodoh,1
pemimpn,1
roket,1
kene,1
halaudy,1
plk,1
sebok,1
orgperangai,1
syaitandy,1
sesuka,1
orgpuihhh,1
colok,1
kemimpinan,1
senapan,1
sedep,1
pangkatnya,1
rural,1
hhhhh,1
rendahbiadab,1
perintahkan,1
trumpettt,1
dholim,1
fahimtum,1
trumm,1
amric,1
bangor,1
blokadebom,1
libatkan,1
perbaiki,1
zuperrrrr,1
mengenal,1
rimba,1
semboyan,1
nyalinya,1
pekokkk,1
tolollah,1
usirrrr,1
rudallll,1
keleim,1
tersenyum,1
lat,1
itunamanya,1
tailah,1
celeng,1
tololllnya,1
tembakkkk,1
dibanggakan,1
gejala,1
dimensia,1
terjadimaka,1
menyulik,1
nyagiliran,1
melakukannya,1
treeees,1
laiinkok,1
kuasain,1
pringatkan,1
untungkan,1
mamarikameski,1
mendahulukan,1
diplomasidan,1
allohhuakbar,1
siapaaa,1
digubris,1
kendurkan,1
lapisan,1
ulamanya,1
stupid,1
ngalangin,1
thanker,1
siaap,1
wakbar,1
bismilahirohmanirahim,1
nawaitu,1
asmai,1
alf,1
semoqa,1
seqa,1
kelaminya,1
gatel,1
menghukumnya,1
digapainya,1
ukur,1
melebihi,1
gantengganteng,1
bagusssss,1
hormouzt,1
patroli,1
berisik,1
studio,1
ganjel,1
tali,1
kntl,1
nasib,1
palestinae,1
bangsarakus,1
bilanv,1
kasianhanya,1
lapanganmana,1
usiriran,1
jahatmu,1
terendus,1
sasarn,1
dilepas,1
pembangang,1
pengeluar,1
billion,1
membebankan,1
thailand,1
filipina,1
mengimport,1
gali,1
tandingan,1
walanon,1
meloncat,1
kegirangan,1
disedari,1
dikencing,1
kemenengan,1
ngucap,1
maludia,1
fikir,1
ditabrak,1
hhh,1
diseluruh,1
minimau,1
terkenal,1
bamgsa,1
tertua,1
ngamuk,1
tetanggadan,1
tersentuh,1
tong,1
nyaring,1
bunyi,1
krasa,1
krusu,1
betah,1
msrakt,1
mnyiarkn,1
ane,1
brta,1
bodok,1
jaja,1
kbofohan,1
cangkeman,1
besarklo,1
habissiapkan,1
dibikin,1
merengekpresiden,1
dilumpuhkan,1
mnyerah,1
yadan,1
setahu,1
tercapainya,1
menyerahitu,1
menangkalo,1
mng,1
tanggepan,1
iranjangan,1
kendorsi,1
teman,1
bisamalah,1
dewa,1
negarakocakamerika,1
memperebutkan,1
makananpdhal,1
daerahnyadasar,1
meloloskan,1
mancing,1
tedeng,1
harusnyaharusnya,1
sebelas,1
belas,1
kampret,1
dramakesuwenn,1
tembakk,1
aeeperang,1
perangkakean,1
adalagi,1
ompngan,1
anjg,1
sidonal,1
setrum,1
stresssmau,1
tancep,1
istimewa,1
indonesi,1
kekacawan,1
kediaman,1
dear,1
ancukan,1
usirbaiknya,1
hoaxs,1
perbolehkan,1
dongok,1
menggonggong,1
halamsn,1
konggres,1
maluturun,1
segra,1
kepresidenan,1
kedholiman,1
usakapal,1
lootak,1
strokesama,1
perangdah,1
nglunjak,1
asdonal,1
maluitukan,1
irandasar,1
peringati,1
serkah,1
pengeboman,1
terjangkau,1
setor,1
kesana,1
hoaxtribun,1
kelicikannya,1
sikst,1
otakmu,1
bebal,1
kabinet,1
bomajah,1
trumpetttt,1
amerikaternyata,1
digembor,1
gemborkanmain,1
klahpadahal,1
logistiknya,1
makanminum,1
iraannnm,1
hirohman,1
nirohim,1
tamaq,1
pbbtdk,1
manfaatnyamosok,1
gabungan,1
duniatdk,1
memberikn,1
kwkwkw,1
prident,1
assallamuallaikum,1
hhhhhh,1
minimal,1
kasbia,1
army,1
hama,1
makna,1
mengembel,1
membujuk,1
ontek,1
onteknya,1
penyapu,1
israe,1
terjahat,1
duniagk,1
makmursibuk,1
lainselalu,1
kisruhmiris,1
jer,1
trumpetaslinya,1
yoyo,1
poll,1
bismilahirohman,1
nirohimallah,1
besarkunfayakun,1
angkuh,1
tramsetannyahuengkau,1
allahallah,1
huma,1
soliala,1
muhamadtak,1
bir,1
iranadalah,1
lupreeeeetttt,1
broooo,1
iblisdonal,1
ustad,1
bertakber,1
gajah,1
nginjak,1
kalimat,1
mengiyakan,1
diobrak,1
obrak,1
karepe,1
berfikirnya,1
lagu,1
inihoksmana,1
amerikadasar,1
seakanakan,1
menguatkan,1
bantuannya,1
dikehendakinya,1
asapa,1
israelkejam,1
betuulll,1
berdasarkan,1
konvensi,1
unclos,1
teritorialnya,1
prinsipprinsip,1
nondiskriminasi,1
langkahlangkah,1
reaksi,1
komunitas,1
amerikalah,1
buset,1
meliyaran,1
iranguna,1
menghanguskan,1
tausiapa,1
sebenarnyaamerika,1
negaranyaslalu,1
ambisius,1
hormutz,1
jowo,1
inggirs,1
bangkrutmasih,1
ikhlas,1
krisisnegara,1
krisisckckck,1
terhapus,1
kecilan,1
iraniankerennn,1
truss,1
pemoimpin,1
banyal,1
sikaty,1
hakmu,1
lautanmu,1
ingatlah,1
melwati,1
memenangkan,1
kisal,1
khandak,1
mengali,1
parit,1
merugi,1
terhina,1
keberanianmmu,1
barakalloh,1
ajapret,1
membencimu,1
kapalyg,1
lewatkan,1
jolas,1
rabb,1
panutan,1
sendirimasuk,1
berbayarlalu,1
lucukita,1
lomba,1
malakaselat,1
sulawesi,1
kalimantanbiar,1
lewatharus,1
bayarsingapura,1
lautt,1
tanguh,1
asmau,1
demam,1
menggigil,1
masuknya,1
dijebak,1
assengaja,1
hewan,1
tangung,1
mlintas,1
mupung,1
memghamcurkan,1
obyekan,1
cepek,1
cngih,1
always,1
hero,1
kalahhhdiusir,1
luit,1
diklaim,1
amerikaminum,1
noh,1
pipis,1
ontany,1
berhayalnya,1
sayangkan,1
persiamana,1
gertaksejarah,1
membuktikaniran,1
duniahanya,1
usri,1
langsing,1
indonesiaku,1
tobat,1
kritis,1
viewer,1
komen,1
gembira,1
meninggoy,1
sembut,1
rs,1
menertawai,1
pendapatmu,1
triliun,1
persen,1
ketarketir,1
ultimatumcba,1
pastinya,1
antr,1
wooiiii,1
miris,1
frustrasi,1
memerintahkanhay,1
ragukarena,1
keraguan,1
aebagian,1
dustaapakah,1
saksi,1
brapo,1
hacurkan,1
dibombandir,1
meluncur,1
goliath,1
ibilis,1
konfik,1
budk,1
lembekdia,1
irannnn,1
iranketemu,1
sepadan,1
gebrak,1
meja,1
puihhh,1
ditebak,1
memprovokasi,1
nkita,1
penyesat,1
iranitu,1
musuhnyairan,1
hormuznegara,1
berdaulattidak,1
isrewelasal,1
butakarena,1
binatangtrump,1
poranda,1
taiii,1
jajaran,1
gilagila,1
kendorhayo,1
bangsabangsa,1
iranluarbiasa,1
bakaldisikat,1
kayauiran,1
tegs,1
miliki,1
adidahdidahdahhhh,1
frekuesi,1
diperingarkanharusnya,1
boad,1
terdengar,1
suaramu,1
yernyata,1
menghayal,1
amsiong,1
thuram,1
gratis,1
kutil,1
ngibullll,1
brawo,1
amerikainsya,1
omongkosong,1
barakallohsubhanalloh,1
irannn,1
binging,1
lembut,1
kesepatansedangkan,1
toktanya,1
kbur,1
jgksihan,1
mnangis,1
setannyaho,1
stess,1
mengadapi,1
hancrkn,1
yrabravo,1
pendukungnya,1
jagoooo,1
mampusnya,1
sisa,1
uzur,1
demensia,1
irasional,1
memakzulkan,1
berjamaah,1
caramu,1
mengrespon,1
sukai,1
disukai,1
kekuasaanmu,1
hell,1
granpa,1
oang,1
induknya,1
terbirit,1
seals,1
assadarlahini,1
kalianini,1
trumpmending,1
asjgn,1
dengarkan,1
dengernya,1
tertawakan,1
alusistanya,1
ceritanya,1
sangka,1
melengahkan,1
transparan,1
kejadian,1
kepedean,1
siape,1
nyerobot,1
lantakkan,1
gosok,1
cganges,1
presidenthis,1
solution,1
irangas,1
yaake,1
begiitupaling,1
heheheheitulah,1
hebatjangan,1
kcung,1
kepura,1
puraan,1
baikrudal,1
yeess,1
lagibravo,1
sedia,1
berpandukita,1
lihatapakah,1
israhel,1
belasungkawa,1
terdampak,1
mendadak,1
manapunbhkn,1
pingutna,1
tariff,1
laah,1
batas,1
kalimantan,1
netayahosbagai,1
akyat,1
korbankangmn,1
lainpokona,1
banggw,1
dibelakang,1
kelau,1
irankerna,1
kenyatannya,1
situation,1
missile,1
ship,1
sank,1
into,1
sea,1
bravoo,1
barokallooh,1
irannkuuuu,1
kezolim,1
parade,1
menjijikan,1
jancouk,1
berpenyakit,1
perangai,1
ingatkan,1
benarpemberani,1
doaumat,1
terbiritx,1
dikejar,1
mamam,1
rudl,1
irail,1
seekor,1
produksinya,1
udang,1
serba,1
berlagu,1
liriknya,1
sekarat,1
diusirharus,1
berbau,1
preseden,1
onal,1
ahkirnya,1
bruntung,1
sovyet,1
inggris,1
australia,1
francis,1
portugis,1
nyiarin,1
itubila,1
marika,1
patutlh,1
kelaaaassss,1
op,1
merudalnya,1
mencoba,1
pengalaman,1
daan,1
toleransi,1
wkwkwkputar,1
mewah,1
curian,1
piss,1
perkarakadang,1
kesel,1
kebeodohan,1
jagn,1
kameni,1
dor,1
usirrrtenggelamkan,1
asbiar,1
meletuslanjukat,1
fake,1
nyataada,1
ain,1
proklamirkan,1
tantrum,1
pacak,1
abar,1
hatiseharusnya,1
dorr,1
minggir,1
doangkenapa,1
sudara,1
kemna,1
menyusul,1
ajahpokoknya,1
join,1
ramegitu,1
juluki,1
polidi,1
hasbunallahi,1
wanimal,1
wakiil,1
musuhjgn,1
lgpa,1
negosiasikasih,1
membual,1
pratu,1
leburrrrrr,1
sangit,1
inimalah,1
telek,1
anget,1
mambu,1
nek,1
adem,1
ambune,1
ra,1
nguati,1
kepalanya,1
kram,1
hormut,1
dirone,1
dinetralisir,1
meragukan,1
ajaseluruh,1
iranmantan,1
hoaxitu,1
fregat,1
usabukan,1
kiri,1
gambarnya,1
gulitaini,1
bohongkompas,1
hormusjadi,1
bohongnyafaktanya,1
dihanjurkan,1
penyepong,1
mebuka,1
receh,1
ditembaktapi,1
yamungkin,1
aduhhhsekelas,1
kompaspercaya,1
inipropagandamengusir,1
massa,1
wkwkwkkoq,1
rudol,1
amerikagiliran,1
diisiriran,1
besarr,1
berceloteh,1
ucapkan,1
musbahkan,1
sasaranberikutnya,1
simbang,1
menggebu,1
bentak,1
tentaran,1
pemakaman,1
ajaairan,1
tengahngk,1
tapa,1
tengahhe,1
percakapan,1
radio,1
goooogooomantap,1
kanan,1
usaa,1
hukumnya,1
dibunker,1
matikan,1
cupu,1
kaburrr,1
bommm,1
iizinnya,1
kao,1
urraaaa,1
thank,1
berpura,1
trumiran,1
sglanya,1
kejulidan,1
tertekan,1
jugatakuuuut,1
bermimpihanya,1
ngaciirr,1
pasilitas,1
belokade,1
alaahh,1
srang,1
zioniss,1
dibodohi,1
trumyg,1
anugrahkan,1
pki,1
mamrika,1
jak,1
kasihani,1
perabowo,1
amerikadonald,1
bebekrakyat,1
tumbal,1
diledak,1
ziones,1
parahhhh,1
mebedakan,1
bodohhhhhh,1
dibawahnya,1
hancurrrrr,1
bossss,1
tiolak,1
singapur,1
prusak,1
idiiiihh,1
grombolan,1
orgildan,1
nyebar,1
hoalkhai,1
pemakan,1
biji,1
mantaaaap,1
berwibawa,1
supel,1
powel,1
perdana,1
sidonald,1
tatanan,1
kemesraan,1
iranamerica,1
hilangkan,1
mandiri,1
kono,1
wkwkwkkk,1
stroke,1
fidio,1
televisi,1
pandai,1
pande,1
utusan,1
unt,1
otenyg,1
miring,1
nyeeeee,1
tiang,1
jemuran,1
amerikasedangkan,1
frustasinya,1
asah,1
srewel,1
basu,1
manusiawi,1
mamposss,1
aduuu,1
sportif,1
dijalanmu,1
memanas,1
berkerumun,1
kepemerintahan,1
bungker,1
kejalan,1
melek,1
ramereme,1
itubikin,1
iniitu,1
memasang,1
perlintasan,1
infrastrukturitu,1
membiayai,1
komersialngancam,1
dural,1
bungkus,1
pembantaian,1
luput,1
kalingpain,1
usirdi,1
mempertahankan,1
balistikskrg,1
selatperang,1
panipu,1
ngakali,1
woy,1
pooll,1
diusirbaik,1
perorangan,1
kelompok,1
dihinakan,1
majulah,1
kudi,1
biru,1
mengaplikasikan,1
sila,1
turusan,1
allahhu,1
zioniz,1
sebuk,1
hahaaa,1
banyaan,1
boongnya,1
diblogade,1
ntahlah,1
ksatria,1
esrael,1
oraang,1
nyeret,1
laiin,1
diih,1
taji,1
bernegosiasi,1
uraaa,1
stay,1
amar,1
makruf,1
nahi,1
munkar,1
kholifah,1
acung,1
jempol,1
saudaraku,1
aminiran,1
kritik,1
seandainya,1
rindu,1
mematuhi,1
satusatunya,1
diimpeachman,1
lepeh,1
diperingati,1
mediator,1
duusir,1
dilengkapi,1
sebjata,1
canggi,1
teruuuss,1
etikakalo,1
itudi,1
bangsattt,1
tuhanseperti,1
kapall,1
firun,1
renyah,1
krupukenteng,1
bangetbicara,1
bangetpolitik,1
menyenangkan,1
prajuritnya,1
mantapbravo,1
dronnya,1
nuju,1
duaarrrr,1
pnyembah,1
lonteh,1
mamricacaca,1
praeran,1
lakntullah,1
drown,1
ecehan,1
piraon,1
tudak,1
qatar,1
almandab,1
meniru,1
merekaamin,1
bbk,1
terpastikan,1
musnahlah,1
sikopat,1
konohairan,1
janganjangan,1
semuapenuh,1
kebohonganbeda,1
usga,1
ngomongsekalian,1
bayanginuda,1
terhitung,1
hizbulah,1
sikatpengen,1
apai,1
lagiya,1
hizbulahbier,1
asel,1
meneng,1
medsosmenurut,1
astaghfirullahkok,1
dirudalbahkan,1
maninggal,1
balekrudal,1
langsungaduuhkok,1
sihmusuh,1
didiamin,1
aha,1
bahong,1
amsyong,1
neegara,1
nuklirin,1
monyet,1
kesalah,1
fatal,1
runyam,1
joko,1
premanpenjahat,1
nyatapi,1
cerdasiran,1
kesekian,1
goodbjob,1
obok,1
mamarakus,1
perangkemudian,1
inisekarang,1
pahlawanuntuk,1
membebaskan,1
hormuspadahal,1
iranlawak,1
percayav,1
getek,1
kendalitembak,1
nembaktunjukan,1
homuz,1
berisiko,1
inflasi,1
legitimasi,1
eskalasi,1
moralpolitik,1
mengeskalasi,1
leverage,1
panikdaya,1
tawar,1
diabaikankonsolidasi,1
internal,1
deterrence,1
dirapatkan,1
kartu,1
tidaknb,1
nyakenapa,1
usirkenapa,1
rudalkata,1
kuatselat,1
meongkok,1
hikhikhikhik,1
should,1
his,1
own,1
door,1
terkalahkan,1
bantal,1
gazzzzz,1
produk,1
terbodoh,1
wkkkkkkk,1
ngaciiiiirrrr,1
suasana,1
rudaltidak,1
peringatantetapi,1
halang,1
ilaha,1
illallah,1
wakilnikmal,1
namnay,1
negosiasipdhl,1
tmpleng,1
xi,1
jimping,1
yasllaammm,1
berhentilah,1
membanggabanggakan,1
sanasini,1
bermanfaat,1
bermakna,1
petapa,1
pedihnya,1
negar,1
penghamba,1
gober,1
setanyaho,1
tuanya,1
jahatnya,1
membodohi,1
melumpuhkan,1
iranfaktanya,1
perlawananbahkan,1
pesawatnya,1
rontogpangkalan,1
senjatafaktanya,1
memohon,1
bernegosiasiterbukti,1
jomberan,1
kapokkapok,1
terbitlah,1
terangiran,1
terrorisnya,1
duhhhhsalut,1
dahbangsa,1
tungsten,1
tersakti,1
termahal,1
tonton,1
berkepentingan,1
jualbeli,1
menyengsarakan,1
partner,1
amerikamahgak,1
ditanganirantp,1
trumbu,1
karang,1
hahahahhaha,1
lusa,1
diposisi,1
bnerdan,1
menghindari,1
planggaran,1
kekejangan,1
dipermalukan,1
sihtuman,1
boman,1
seraaang,1
paket,1
lamalama,1
telakk,1
sipirang,1
mbacotnya,1
stupit,1
gadug,1
perbuatannya,1
hebatkalau,1
asek,1
iraneskoun,1
setantrump,1
bsar,1
omlgsung,1
kekaya,1
sepatutnya,1
yamantap,1
assprti,1
anaka,1
cakap,1
sholli,1
ala,1
sayyidina,1
alisaidina,1
empatinya,1
ircc,1
berperikemanusiaan,1
kokoha,1
siksa,1
menemui,1
kelak,1
cendrung,1
barangkali,1
terkontaminasi,1
et,1
ppr,1
tehnik,1
pelindung,1
memberkatimu,1
crew,1
diusirdirudal,1
megada,1
ngada,1
mutlak,1
sionis,1
wargamuslim,1
cumabisa,1
mendoakan,1
langsuang,1
melemah,1
islamsaudaramu,1
menangkanlah,1
tindakkan,1
kejhatan,1
trumpsemoga,1
taqiya,1
retorika,1
minyakiran,1
kepanasandasar,1
wujud,1
dram,1
terjun,1
irankan,1
pembohongpembohong,1
gemoy,1
njajah,1
bertolak,1
singkron,1
haduuu,1
bul,1
indomi,1
palsunya,1
kamisemoga,1
berkembang,1
drpda,1
pbbb,1
blokadektnya,1
seimbang,1
pening,1
tambang,1
menginjakkan,1
lehernya,1
dicekek,1
sembelih,1
ustadz,1
berhubungan,1
bidangnya,1
datangnya,1
zhejjilll,1
kolosal,1
dipercayadiberitakan,1
wkwwkk,1
hoaxberita,1
amantonton,1
negerimediabindonesia,1
keselat,1
melenggang,1
mondar,1
mandiraja,1
numpuk,1
nikmati,1
irannegara,1
prayfor,1
pesek,1
diledakan,1
didalam,1
offside,1
hajarabis,1
natootak,1
dorsmers,1
bersihmenutupin,1
kekalahanbravo,1
angin,1
biadabkecuali,1
bersembah,1
sampahrezim,1
punahmasih,1
berkoar,1
kekalahannya,1
trem,1
cegat,1
membersihkan,1
ahhhhhh,1
voc,1
iirrraaaannnn,1
awww,1
dpr,1
hatam,1
benyamin,1
umurnya,1
barokah,1
berlimpah,1
mudahkan,1
ahkerat,1
bangkit,1
bertahun,1
ending,1
terkubur,1
moral,1
ahlaq,1
atitudnya,1
waohhh,1
pringatan,1
destroyers,1
allahhuakbar,1
musnakan,1
tromp,1
blokadetrus,1
seranggak,1
papakalo,1
serangbiar,1
tembakan,1
gadget,1
didpn,1
bully,1
irantramp,1
sendiritramp,1
golingkan,1
hahahhahah,1
rakyak,1
koreautara,1
belarusia,1
iranmanusia,1
tramapa,1
alsannu,1
nutupi,1
berdayanmu,1
smbalmu,1
secuil,1
getar,1
punyatipikal,1
irantdk,1
ngancurin,1
apspun,1
ngacir,1
mutarsudah,1
lewati,1
seliweran,1
kesiapa,1
mainnya,1
kelakuannya,1
bjak,1
lawt,1
pmeras,1
dilnyapkan,1
benarjangan,1
memgusir,1
anjingkurap,1
dall,1
hahahahhaaapreettttt,1
respon,1
pengusiran,1
kelojotan,1
pringatkansiikan,1
peranglangsung,1
ledakkan,1
videonya,1
geronbolan,1
ngaruh,1
brunding,1
tengglam,1
pange,1
kobong,1
ambe,1
bo,1
ujan,1
menyakitkan,1
ngontrak,1
nyatu,1
protokolerseperti,1
kejuaraanada,1
time,1
break,1
kejuaraan,1
idqak,1
kalahkapal,1
mase,1
gembong,1
nyapir,1
hah,1
hhahaha,1
buku,1
ruas,1
sajakasih,1
dipegang,1
setress,1
bomtp,1
sombongtrum,1
inimau,1
musuhmu,1
berbahyalah,1
cinabiar,1
gkbisa,1
naeknyari,1
krj,1
pedagang,1
gulung,1
tikar,1
menhamtam,1
pakalan,1
trauma,1
menurunkan,1
asmencariprangdengannegaranegaralainberfikirlahdenganjernih,1
bukanekonomirantapimenghambat,1
ekonominegaranegaralainjuga,1
memenangkanmu,1
tegaklah,1
ac,1
sembarang,1
fatut,1
dibiri,1
fah,1
fejuan,1
irael,1
femeras,1
mintak,1
medafat,1
setiaf,1
tiaf,1
kaiau,1
gafa,1
bersikras,1
memblokkade,1
kerukusa,1
menjalankan,1
iyakan,1
dirusak,1
ditiadakan,1
penggunaannyaagar,1
perjalanannya,1
tersebutsebab,1
didaerah,1
tersebutayo,1
hormuzh,1
memerdekakan,1
mengizinkan,1
syaratnya,1
masingmasingbisa,1
ditelusuri,1
tepii,1
libya,1
kesian,1
berira,1
dirudali,1
menerus,1
hourmuz,1
kmbli,1
mnyk,1
mngkn,1
asbkn,1
mngecamas,1
ruginya,1
dipikirkan,1
bermuka,1
penghasilanya,1
diandalkan,1
assmua,1
kluarseluruh,1
keuangan,1
bekukan,1
aplgiyg,1
msi,1
berhaludibodojan,1
gncatan,1
senjatairan,1
mnyerakan,1
miliar,1
pembekuan,1
sndiritdk,1
mnghalanggi,1
asskrng,1
asini,1
trjdisampaikapan,1
selsai,1
berlimpa,1
mahaalternyata,1
kepalamu,1
membalikan,1
mauvdi,1
lucubebek,1
aliloh,1
kick,1
saves,1
kevtrum,1
parkir,1
geng,1
penya,1
pelerr,1
terlalui,1
mengueknguekkk,1
hd,1
natasumbernya,1
kadrunsemua,1
hti,1
mrmusuhi,1
sunijd,1
contrn,1
vidio,1
patriot,1
warasharusnya,1
erase,1
ayatoilet,1
berhari,1
menguasi,1
diteruskan,1
ngegombal,1
ciptaanmu,1
freeet,1
urus,1
siting,1
trumpterutama,1
venewzela,1
caina,1
sepanyol,1
perempuanmati,1
terbuh,1
olo,1
proxy,1
gencar,1
pembodohan,1
pemutar,1
serampangan,1
fenuzwrla,1
gilakakek,1
pikunnih,1
states,1
kontol,1
mengeluh,1
nenbaknya,1
donaal,1
trust,1
against,1
what,1
ever,1
they,1
sebarkan,1
dipermasalahkan,1
bacooot,1
erjihad,1
rakan,1
prasato,1
mun,1
ndabrulomong,1
kosongnonsaentukang,1
besarsegala,1
puji,1
engkaulah,1
mengadukan,1
sejahtera,1
makhluk,1
terbaikmu,1
saw,1
orangkaumbangsa,1
aturannya,1
pertolongan,1
menjungjung,1
syariatnya,1
sepertinyatrum,1
usiayang,1
korsleting,1
adakan,1
blokkade,1
salahkan,1
kenal,1
kemanudiaan,1
juangan,1
tengahsama,1
malingtapi,1
nekat,1
telur,1
bertelur,1
ruah,1
anjlok,1
teraktis,1
ngeklaim,1
ngehayal,1
merusak,1
begara,1
dipatahkan,1
dominasinya,1
ng,1
walah,1
diakui,1
israeldimuka,1
bgaimna,1
perdamean,1
ketiga,1
konohajangna,1
kamiallah,1
menjamin,1
hambnya,1
remove,1
map,1
merampokkkk,1
pendongeng,1
bacod,1
battack,1
komunis,1
damaisiap,1
memberantas,1
israilaamiin,1
sedaya,1
semenjak,1
dilantik,1
semahumahunya,1
israelkena,1
kesiapsediaan,1
mnhadpi,1
sekaliiran,1
membaca,1
matlamat,1
israelteruskan,1
benarallah,1
diamallahuakbar,1
tran,1
pembicaanya,1
ngelantor,1
db,1
rakos,1
dimusuhi,1
ngasu,1
pastitapi,1
membahas,1
melahirkan,1
resolus,1
azabnya,1
doniii,1
doni,1
ndawir,1
teruuus,1
atuuuh,1
jongosnya,1
miyak,1
seratus,1
sadarlah,1
oli,1
bekasberiita,1
biangkerok,1
inidonal,1
tetenyahoitu,1
amanjadi,1
kancicit,1
baguslah,1
persis,1
koordinat,1
need,1
taled,1
just,1
booom,1
easy,1
forget,1
perhatikan,1
wawancara,1
sibeostein,1
white,1
house,1
incaran,1
cesse,1
fire,1
kot,1
cekot,1
sikapkita,1
ketiak,1
menhan,1
trampe,1
berbaik,1
tidurrrrrrrrrrr,1
bahil,1
menyelinap,1
kekicikan,1
juts,1
melaranh,1
kepelanuhan,1
cemerlang,1
trampyg,1
mengakak,1
provokator,1
masyaaklohsemoga,1
swtmemberikan,1
chinairanrusiahapuskan,1
gologi,1
menyalahgunakan,1
lautmodel,1
anyar,1
woi,1
cenel,1
maksudku,1
semangt,1
mas,1
iki,1
jatim,1
ponorogotp,1
jangam,1
ilustrasi,1
bohongan,1
cenellnya,1
maaas,1
kesini,1
temui,1
cabul,1
otng,1
mandar,1
salim,1
santet,1
aana,1
cdangan,1
hasill,1
rampasan,1
admin,1
kadang,1
terherman,1
herman,1
syiahbahkan,1
mui,1
aktivitas,1
menyimpang,1
ahlus,1
sunnah,1
jamaah,1
mengagung,1
agung,1
syiahkemungkinan,1
berakhirkembali,1
zalim,1
hancurmacam,1
maulnya,1
akiaki,1
diarus,1
sungai,1
aamiiinx,1
aroganmau,1
kontrol,1
orangtanpa,1
belakangnyasemoga,1
mudahkanlah,1
patah,1
taringnya,1
kesampah,1
brave,1
berjatuhan,1
isrsel,1
pelu,1
aminyarobbal,1
kemenangandan,1
leburlsh,1
komando,1
pastur,1
blokiiiiiiirrrr,1
mantsp,1
coyy,1
pencuridan,1
berantem,1
yaaitu,1
orangsudah,1
pencurikenapa,1
bodoponmenganggab,1
takwaras,1
hidub,1
berdualatkini,1
mecurunya,1
lagimemang,1
tengga,1
mangkin,1
oky,1
pernyataannya,1
perango,1
urusi,1
trambol,1
hasilkan,1
agrasor,1
p,1
menjunjung,1
adilan,1
rohmstan,1
lil,1
duniawi,1
adzab,1
trumpngomong,1
beresiko,1
lingkup,1
iron,1
dome,1
aerobatik,1
laser,1
beam,1
elektromagnetic,1
wave,1
kedalaman,1
kamikaze,1
permukaan,1
kombinasi,1
electro,1
jammed,1
radar,1
pembagian,1
petugas,1
penangkal,1
radius,1
gelombang,1
tsunami,1
kemiringan,1
signifikan,1
kalkulasi,1
sudut,1
penangkis,1
sistem,1
keberatan,1
samudra,1
menyelam,1
ndk,1
pawer,1
relita,1
pikirannya,1
tempatmu,1
ngeladenin,1
colongan,1
oman,1
dikuasain,1
membalas,1
titipkan,1
nyawit,1
janganpeercaya,1
israelminta,1
menyusun,1
xontohnya,1
sekira,1
jdnya,1
penghasil,1
camkan,1
diselat,1
presisi,1
meledakan,1
ksi,1
iranselesai,1
smuanyakarna,1
tukur,1
verifikasi,1
kejelasan,1
pnjahat,1
lame,1
trpancarmereka,1
senangtiasa,1
mncari,1
tandan,1
lucnut,1
sakti,1
perdamaaian,1
siluman,1
mengeliminasi,1
pp,1
indah,1
kerjaannyaswis,1
diala,1
debenarnya,1
ajer,1
askena,1
angkarasiapa,1
sri,1
empati,1
ind,1
isu,1
makjulkan,1
wakilnyamaka,1
aspirasi,1
nyopet,1
quwait,1
diberkatitetaplah,1
dimampukanmenghadapi,1
njplak,1
rampastimur,1
truum,1
dodol,1
mr,1
halupenguasa,1
mayaahlinya,1
ahliseng,1
lawang,1
mustahip,1
batang,1
lumpu,1
sipikun,1
kampungmu,1
lanjutmercun,1
mercun,1
sableng,1
ciken,1
uot,1
drumbnar,1
minyakdari,1
konokene,1
minyaky,1
ngrebot,1
pnghasilan,1
iranmstress,1
trams,1
stresskyk,1
seraksh,1
bisq,1
hqncur,1
irqn,1
sekat,1
pembual,1
peramok,1
sepertix,1
mengarang,1
kykx,1
cocoknya,1
pengarang,1
novel,1
ngawor,1
aktifkan,1
dubes,1
amirica,1
nntinya,1
tooo,1
nyabu,1
jadinsasaran,1
israeldi,1
telanjangin,1
arak,1
gulingkanbuat,1
asumsi,1
mengelak,1
slt,1
lolos,1
beserta,1
singaraja,1
bali,1
reputasi,1
serendah,1
rendahnya,1
azab,1
minyaktapi,1
negaraislam,1
sepelekan,1
peristiwa,1
wabah,1
covid,1
dilu,1
bangkrap,1
diboikot,1
disgusting,1
algojo,1
kelama,1
pamer,1
hormuzitu,1
gol,1
kos,1
berganda,1
hirosima,1
nagasaki,1
sekutunyayg,1
nekad,1
banggakan,1
pengeyel,1
whau,1
tegang,1
berpeluang,1
merana,1
boos,1
besarjangan,1
terripu,1
cuilpun,1
merespon,1
snggap,1
perangmasa,1
blokadepimpinan,1
orangkebiasaan,1
hahar,1
bekat,1
langgananpembeli,1
alhasil,1
bulanan,1
langganan,1
terpusat,1
ngibuuuul,1
amerikasupaya,1
menag,1
sisasisa,1
akibad,1
embelgedes,1
gabusss,1
keroyokantrump,1
waoooo,1
ternyatadiusir,1
woroworo,1
kacang,1
ketimbang,1
mndingan,1
agr,1
menanggung,1
benahi,1
negaramu,1
reel,1
kwek,1
alternatif,1
segalageli,1
mennn,1
safu,1
jagad,1
hormusbom,1
kelistrikan,1
kewilayah,1
hormooz,1
buseet,1
luuuu,1
pasang,1
satuxa,1
kkkkkkkkkk,1
halukonoha,1
jamin,1
juaraxa,1
kwkwkwkw,1
conoha,1
biland,1
fewaxa,1
hallu,1
luarbinada,1
bukanlo,1
halalu,1
pengargaan,1
borong,1
konohaqqqqqq,1
ngpain,1
kpingin,1
petanda,1
yalihat,1
bersubsidi,1
pet,1
tramayat,1
gade,1
menghancur,1
bajimgan,1
bernafsu,1
kecurangan,1
blokadehiu,1
pauspun,1
ajabiar,1
hiburan,1
tengtang,1
ijazahtolong,1
ngerudal,1
jokoi,1
trumpp,1
tolollll,1
hancurlan,1
konoho,1
diadakan,1
ditambah,1
masukdari,1
game,1
over,1
alih,1
selatselesai,1
barvo,1
bless,1
ngecuprus,1
pwnuh,1
huuuuuuulumat,1
ngesot,1
harusmenang,1
dikembangkan,1
project,1
destiny,1
deep,1
earth,1
seismic,1
trigger,1
initiative,1
gempa,1
keyes,1
electromagnetic,1
mendestabilisasi,1
core,1
mempertimbangkan,1
land,1
deployment,1
divisi,1
expeditionary,1
soc,1
special,1
operations,1
corps,1
orbital,1
drop,1
shock,1
trooper,1
combat,1
dinilai,1
usmc,1
defense,1
dideploy,1
forward,1
unto,1
dawn,1
atlas,1
covenant,1
ark,1
amber,1
clad,1
skenario,1
pergerakan,1
intensif,1
dikonfirmasi,1
microsoft,1
merelease,1
halo,1
campaign,1
evolved,1
juli,1
platform,1
xbox,1
series,1
xs,1
pc,1
playstation,1
sudahbiar,1
selasai,1
nevada,1
sepakat,1
bertugas,1
antum,1
okiran,1
kadrunn,1
hoaxnya,1
legal,1
paraaaaah,1
brooooo,1
irandonald,1
caplok,1
